{"duration": 0.030879735946655273, "input_args": {"term": "'kawal'"}, "time": 1767866594.5812914}