{"duration": 0.024773597717285156, "input_args": {"term": "'pakde'"}, "time": 1767866592.1945648}