{"duration": 0.054274559020996094, "input_args": {"term": "'phk'"}, "time": 1767866621.622269}