{"duration": 2.4873740673065186, "input_args": {"term": "'pgwai'"}, "time": 1767866606.8425107}