{"duration": 0.02391648292541504, "input_args": {"term": "'serbabisa'"}, "time": 1767866539.2417934}