{"duration": 1.7173941135406494, "input_args": {"term": "'kemanusian'"}, "time": 1767866522.0288918}