{"duration": 0.036479949951171875, "input_args": {"term": "'jugalah'"}, "time": 1767866532.9763503}