{"duration": 0.02441549301147461, "input_args": {"term": "'lawan'"}, "time": 1767866609.5192754}