{"duration": 0.024439096450805664, "input_args": {"term": "'gas'"}, "time": 1767866616.6629784}