{"duration": 0.01650214195251465, "input_args": {"term": "'adu'"}, "time": 1767866506.4506636}