{"duration": 0.10678958892822266, "input_args": {"term": "'tercipta'"}, "time": 1767866532.4044862}