{"duration": 0.507436990737915, "input_args": {"term": "'menyetujui'"}, "time": 1767866599.8325243}