{"duration": 0.022904634475708008, "input_args": {"term": "'lembaga'"}, "time": 1767866537.4182265}