{"duration": 0.020925045013427734, "input_args": {"term": "'moral'"}, "time": 1767866600.230058}