{"duration": 0.021636962890625, "input_args": {"term": "'koin'"}, "time": 1767866627.9464455}