{"duration": 0.0056362152099609375, "input_args": {"term": "'direalisasikan'"}, "time": 1767866500.96734}