{"duration": 0.40636777877807617, "input_args": {"term": "'carok'"}, "time": 1767866503.0057726}