{"duration": 0.03594398498535156, "input_args": {"term": "'apapun'"}, "time": 1767866585.2517865}