{"duration": 0.05044293403625488, "input_args": {"term": "'dibikin'"}, "time": 1767866548.4316618}