{"duration": 2.7028467655181885, "input_args": {"term": "'duluan'"}, "time": 1767866585.8577633}