{"duration": 0.4659535884857178, "input_args": {"term": "'luluhlsntahkan'"}, "time": 1767866502.348895}