{"duration": 0.19150662422180176, "input_args": {"term": "'merajalela'"}, "time": 1767866574.3993113}