{"duration": 0.028450727462768555, "input_args": {"term": "'kaget'"}, "time": 1767866611.0820787}