{"duration": 0.017958641052246094, "input_args": {"term": "'hutang'"}, "time": 1767866556.2937243}