{"duration": 1.067486047744751, "input_args": {"term": "'pengeramput'"}, "time": 1767866548.6665251}