{"duration": 1.0143465995788574, "input_args": {"term": "'masyakarat'"}, "time": 1767866513.5610168}