{"duration": 0.004923343658447266, "input_args": {"term": "'segala'"}, "time": 1767866500.5623958}