{"duration": 1.0398414134979248, "input_args": {"term": "'smga'"}, "time": 1767866556.398024}