{"duration": 0.06182146072387695, "input_args": {"term": "'keinginanmu'"}, "time": 1767866572.1732845}