{"duration": 0.028944969177246094, "input_args": {"term": "'wajarlah'"}, "time": 1767866573.3119254}