{"duration": 0.8571310043334961, "input_args": {"term": "'dedilama'"}, "time": 1767866630.7097235}