{"duration": 0.03720259666442871, "input_args": {"term": "'cicilan'"}, "time": 1767866607.7134752}