{"duration": 0.03779959678649902, "input_args": {"term": "'dinilai'"}, "time": 1767866532.200949}