{"duration": 0.05541110038757324, "input_args": {"term": "'men'"}, "time": 1767866539.5269306}