{"duration": 1.4761018753051758, "input_args": {"term": "'srimul'"}, "time": 1767866564.8487382}