{"duration": 1.2768423557281494, "input_args": {"term": "'ytaitu'"}, "time": 1767866509.9435167}