{"duration": 0.043367624282836914, "input_args": {"term": "'smi'"}, "time": 1767866600.1381917}