{"duration": 1.2024407386779785, "input_args": {"term": "'liatin'"}, "time": 1767866515.294302}