{"duration": 0.017653703689575195, "input_args": {"term": "'kocak'"}, "time": 1767866621.3093345}