{"duration": 0.022226333618164062, "input_args": {"term": "'mah'"}, "time": 1767866619.8902626}