{"duration": 0.024614810943603516, "input_args": {"term": "'kompetensi'"}, "time": 1767866514.708935}