{"duration": 1.107478380203247, "input_args": {"term": "'luhut'"}, "time": 1767866518.7853951}