{"duration": 0.0694723129272461, "input_args": {"term": "'jd'"}, "time": 1767866623.9080913}