{"duration": 0.04451155662536621, "input_args": {"term": "'gedean'"}, "time": 1767866513.076159}