{"duration": 0.05642294883728027, "input_args": {"term": "'ketauan'"}, "time": 1767866517.692271}