{"duration": 0.0748741626739502, "input_args": {"term": "'disitu'"}, "time": 1767866624.307984}