{"duration": 1.3635237216949463, "input_args": {"term": "'ndulit'"}, "time": 1767866511.2767956}