{"duration": 0.033627986907958984, "input_args": {"term": "'teman'"}, "time": 1767866551.9838078}