{"duration": 0.033602237701416016, "input_args": {"term": "'gubernur'"}, "time": 1767866572.1709602}