{"duration": 0.013460159301757812, "input_args": {"term": "'bahan'"}, "time": 1767866566.3607843}