{"duration": 0.02407383918762207, "input_args": {"term": "'agus'"}, "time": 1767866536.51083}