{"duration": 0.029758930206298828, "input_args": {"term": "'bumi'"}, "time": 1767866624.778915}