{"duration": 0.046697139739990234, "input_args": {"term": "'diluaran'"}, "time": 1767866601.7360287}