{"duration": 0.021355628967285156, "input_args": {"term": "'mudah'"}, "time": 1767866577.725755}