{"duration": 0.126129150390625, "input_args": {"term": "'terutama'"}, "time": 1767866601.5123205}