{"duration": 0.017110347747802734, "input_args": {"term": "'wan'"}, "time": 1767866554.3500423}