{"duration": 1.2752699851989746, "input_args": {"term": "'coming'"}, "time": 1767866582.7645519}