{"duration": 0.8771984577178955, "input_args": {"term": "'dibekali'"}, "time": 1767866529.689742}