{"duration": 1.3021187782287598, "input_args": {"term": "'tunjukin'"}, "time": 1767866525.3928773}