{"duration": 0.04185771942138672, "input_args": {"term": "'bantu'"}, "time": 1767866607.6106114}