{"duration": 0.02000260353088379, "input_args": {"term": "'bukan'"}, "time": 1767866523.8992527}