{"duration": 0.019089221954345703, "input_args": {"term": "'doang'"}, "time": 1767866525.1788986}