{"duration": 0.9618010520935059, "input_args": {"term": "'kolongmerat'"}, "time": 1767866529.2729778}