{"duration": 0.04495573043823242, "input_args": {"term": "'pajangan'"}, "time": 1767866507.3141932}