{"duration": 0.019459247589111328, "input_args": {"term": "'berita'"}, "time": 1767866550.9457543}