{"duration": 0.9922351837158203, "input_args": {"term": "'dongitu'"}, "time": 1767866534.9579248}