{"duration": 0.04253196716308594, "input_args": {"term": "'arahnya'"}, "time": 1767866570.0079181}