{"duration": 0.007353305816650391, "input_args": {"term": "'bertolak'"}, "time": 1767866500.886503}