{"duration": 1.3127408027648926, "input_args": {"term": "'tumbuhbro'"}, "time": 1767866518.0163982}