{"duration": 0.01773810386657715, "input_args": {"term": "'pan'"}, "time": 1767866606.9337277}