{"duration": 1.2989802360534668, "input_args": {"term": "'lpdp'"}, "time": 1767866571.0867922}