{"duration": 0.023309707641601562, "input_args": {"term": "'payah'"}, "time": 1767866504.4589245}