{"duration": 0.022444725036621094, "input_args": {"term": "'transaksi'"}, "time": 1767866610.212095}