{"duration": 1.1276051998138428, "input_args": {"term": "'mahalcuma'"}, "time": 1767866618.114065}