{"duration": 0.034603118896484375, "input_args": {"term": "'diganti'"}, "time": 1767866539.9563577}