{"duration": 0.1676936149597168, "input_args": {"term": "'perlihatkan'"}, "time": 1767866535.110005}