{"duration": 1.2404258251190186, "input_args": {"term": "'folback'"}, "time": 1767866507.8863318}