{"duration": 0.08197021484375, "input_args": {"term": "'terbongkar'"}, "time": 1767866606.8863156}