{"duration": 0.0656580924987793, "input_args": {"term": "'ntr'"}, "time": 1767866619.0359316}