{"duration": 0.027962446212768555, "input_args": {"term": "'malam'"}, "time": 1767866612.6918356}