{"duration": 0.025780677795410156, "input_args": {"term": "'cerita'"}, "time": 1767866571.1915658}