{"duration": 1.2501671314239502, "input_args": {"term": "'starling'"}, "time": 1767866570.2081082}