{"duration": 0.13682985305786133, "input_args": {"term": "'tersebut'"}, "time": 1767866586.018484}