{"duration": 0.12418818473815918, "input_args": {"term": "'sales'"}, "time": 1767866502.4331043}