{"duration": 1.3133442401885986, "input_args": {"term": "'viral'"}, "time": 1767866584.2910807}