{"duration": 1.0374557971954346, "input_args": {"term": "'adidas'"}, "time": 1767866512.3114443}