{"duration": 0.8428964614868164, "input_args": {"term": "'pret'"}, "time": 1767866512.673443}