{"duration": 0.022735118865966797, "input_args": {"term": "'sedikit'"}, "time": 1767866506.8873587}