{"duration": 2.3172903060913086, "input_args": {"term": "'ngurusi'"}, "time": 1767866598.4455664}