{"duration": 1.216688632965088, "input_args": {"term": "'jalansemua'"}, "time": 1767866547.5105038}