{"duration": 0.02221822738647461, "input_args": {"term": "'proyek'"}, "time": 1767866505.4222035}