{"duration": 1.5793912410736084, "input_args": {"term": "'fiks'"}, "time": 1767866575.3391855}