{"duration": 1.2527039051055908, "input_args": {"term": "'schlumberger'"}, "time": 1767866511.1243982}