{"duration": 1.2909352779388428, "input_args": {"term": "'prank'"}, "time": 1767866537.0823812}