{"duration": 0.1497666835784912, "input_args": {"term": "'membangun'"}, "time": 1767866542.4123871}