{"duration": 0.15968084335327148, "input_args": {"term": "'gimana'"}, "time": 1767866502.1425323}