{"duration": 0.025577306747436523, "input_args": {"term": "'olahraga'"}, "time": 1767866590.7285886}