{"duration": 1.3610453605651855, "input_args": {"term": "'medsos'"}, "time": 1767866628.8917954}