{"duration": 0.06554365158081055, "input_args": {"term": "'tv'"}, "time": 1767866516.1293886}