{"duration": 0.03640127182006836, "input_args": {"term": "'contoh'"}, "time": 1767866522.5654657}