{"duration": 3.566293239593506, "input_args": {"term": "'nyarinya'"}, "time": 1767866628.6163812}