{"duration": 0.03273487091064453, "input_args": {"term": "'panas'"}, "time": 1767866628.1688905}