{"duration": 1.385251522064209, "input_args": {"term": "'ajayh'"}, "time": 1767866572.9575386}