{"duration": 0.02101922035217285, "input_args": {"term": "'bendera'"}, "time": 1767866520.1827588}