{"duration": 1.2240691184997559, "input_args": {"term": "'akuin'"}, "time": 1767866615.6569686}