{"duration": 0.05998039245605469, "input_args": {"term": "'woe'"}, "time": 1767866616.74096}