{"duration": 0.14226436614990234, "input_args": {"term": "'mendengar'"}, "time": 1767866513.8156164}