{"duration": 1.4820804595947266, "input_args": {"term": "'ungul'"}, "time": 1767866552.8712804}