{"duration": 0.057024240493774414, "input_args": {"term": "'du'"}, "time": 1767866622.3747902}