{"duration": 0.029143333435058594, "input_args": {"term": "'videonya'"}, "time": 1767866545.9988503}