{"duration": 1.0971975326538086, "input_args": {"term": "'besaran'"}, "time": 1767866596.9546025}