{"duration": 0.06782817840576172, "input_args": {"term": "'pjk'"}, "time": 1767866626.756649}