{"duration": 0.019643068313598633, "input_args": {"term": "'ilmu'"}, "time": 1767866627.5920844}