{"duration": 1.1036763191223145, "input_args": {"term": "'ekoyok'"}, "time": 1767866533.558024}