{"duration": 0.023490190505981445, "input_args": {"term": "'anti'"}, "time": 1767866548.210652}