{"duration": 3.9408109188079834, "input_args": {"term": "'pakbismilah'"}, "time": 1767866526.767312}