{"duration": 1.1604208946228027, "input_args": {"term": "'rizky'"}, "time": 1767866505.8476028}