{"duration": 2.5423367023468018, "input_args": {"term": "'inalilahinegeri'"}, "time": 1767866573.0494833}