{"duration": 0.024386882781982422, "input_args": {"term": "'judul'"}, "time": 1767866579.4159973}