{"duration": 0.026720046997070312, "input_args": {"term": "'kapan'"}, "time": 1767866587.5790298}