{"duration": 2.3652968406677246, "input_args": {"term": "'paksembunyi'"}, "time": 1767866580.7321675}