{"duration": 2.4122891426086426, "input_args": {"term": "'kekuasanasalkan'"}, "time": 1767866611.4688916}