{"duration": 0.03912091255187988, "input_args": {"term": "'jelaskan'"}, "time": 1767866513.4563956}