{"duration": 0.04938220977783203, "input_args": {"term": "'plg'"}, "time": 1767866528.979755}