{"duration": 0.01950979232788086, "input_args": {"term": "'mati'"}, "time": 1767866545.4228616}