{"duration": 0.03657865524291992, "input_args": {"term": "'administrasi'"}, "time": 1767866611.9110134}