{"duration": 0.055741310119628906, "input_args": {"term": "'ril'"}, "time": 1767866622.7705488}