{"duration": 1.176792860031128, "input_args": {"term": "'mnyangkal'"}, "time": 1767866623.1409113}