{"duration": 0.8933217525482178, "input_args": {"term": "'menyelidiki'"}, "time": 1767866587.5704556}