{"duration": 0.03534364700317383, "input_args": {"term": "'jihad'"}, "time": 1767866504.2161472}