{"duration": 1.8745324611663818, "input_args": {"term": "'kebijakanya'"}, "time": 1767866543.261088}