{"duration": 0.021062135696411133, "input_args": {"term": "'kunci'"}, "time": 1767866628.48672}