{"duration": 1.4263832569122314, "input_args": {"term": "'jagaindonesia'"}, "time": 1767866579.5648904}