{"duration": 1.0143983364105225, "input_args": {"term": "'buln'"}, "time": 1767866629.6017597}