{"duration": 0.05105400085449219, "input_args": {"term": "'sd'"}, "time": 1767866553.574433}