{"duration": 0.026075363159179688, "input_args": {"term": "'asing'"}, "time": 1767866613.7851214}