{"duration": 2.0399703979492188, "input_args": {"term": "'mengembangkanya'"}, "time": 1767866523.3856301}