{"duration": 1.3532180786132812, "input_args": {"term": "'under'"}, "time": 1767866629.0179946}