{"duration": 0.04178452491760254, "input_args": {"term": "'sekolahnya'"}, "time": 1767866504.8092782}