{"duration": 0.2512524127960205, "input_args": {"term": "'perlindungan'"}, "time": 1767866600.9876592}