{"duration": 0.02061772346496582, "input_args": {"term": "'berkah'"}, "time": 1767866598.6544192}