{"duration": 0.7037920951843262, "input_args": {"term": "'berarti'"}, "time": 1767866513.3642352}