{"duration": 0.9148247241973877, "input_args": {"term": "'dipangil'"}, "time": 1767866570.4695117}