{"duration": 0.3632180690765381, "input_args": {"term": "'hotman'"}, "time": 1767866500.6282854}