{"duration": 0.049236297607421875, "input_args": {"term": "'perusuh'"}, "time": 1767866500.5634017}