{"duration": 0.11856245994567871, "input_args": {"term": "'iqro'"}, "time": 1767866501.778988}