{"duration": 1.309635877609253, "input_args": {"term": "'kliru'"}, "time": 1767866606.3075492}