{"duration": 0.029040813446044922, "input_args": {"term": "'bedanya'"}, "time": 1767866597.1889122}