{"duration": 0.024522066116333008, "input_args": {"term": "'cingur'"}, "time": 1767866612.8074946}