{"duration": 0.026784181594848633, "input_args": {"term": "'sinkronisasi'"}, "time": 1767866560.1069381}