{"duration": 0.14174270629882812, "input_args": {"term": "'menghentikan'"}, "time": 1767866544.11042}