{"duration": 2.510941505432129, "input_args": {"term": "'skli'"}, "time": 1767866584.7525318}