{"duration": 1.08585524559021, "input_args": {"term": "'pensiunkanotak'"}, "time": 1767866626.8754048}