{"duration": 0.02239060401916504, "input_args": {"term": "'teh'"}, "time": 1767866531.1558328}