{"duration": 0.05379843711853027, "input_args": {"term": "'disokong'"}, "time": 1767866507.1327598}