{"duration": 2.4474833011627197, "input_args": {"term": "'pajeknya'"}, "time": 1767866538.967802}