{"duration": 0.03160834312438965, "input_args": {"term": "'usaha'"}, "time": 1767866568.9321115}