{"duration": 0.03983306884765625, "input_args": {"term": "'sekalian'"}, "time": 1767866596.6926029}