{"duration": 1.198272943496704, "input_args": {"term": "'improving'"}, "time": 1767866608.9369237}