{"duration": 0.018769264221191406, "input_args": {"term": "'kasih'"}, "time": 1767866622.8452098}