{"duration": 2.6491358280181885, "input_args": {"term": "'nyari'"}, "time": 1767866525.9755735}