{"duration": 0.0782017707824707, "input_args": {"term": "'bertugas'"}, "time": 1767866558.984831}