{"duration": 0.016948938369750977, "input_args": {"term": "'grup'"}, "time": 1767866629.6794062}