{"duration": 1.2520928382873535, "input_args": {"term": "'bpjs'"}, "time": 1767866617.8476875}