{"duration": 0.026539087295532227, "input_args": {"term": "'jago'"}, "time": 1767866588.3653636}