{"duration": 0.7762556076049805, "input_args": {"term": "'semestinya'"}, "time": 1767866609.1590927}