{"duration": 0.026110172271728516, "input_args": {"term": "'ombak'"}, "time": 1767866622.2614057}