{"duration": 0.03353738784790039, "input_args": {"term": "'gasan'"}, "time": 1767866620.735638}