{"duration": 0.04067254066467285, "input_args": {"term": "'dibiarkan'"}, "time": 1767866540.854574}