{"duration": 1.3350071907043457, "input_args": {"term": "'ngomong'"}, "time": 1767866608.7051225}