{"duration": 0.016758441925048828, "input_args": {"term": "'populer'"}, "time": 1767866534.0325575}