{"duration": 0.008255243301391602, "input_args": {"term": "'bali'"}, "time": 1767866500.9627268}