{"duration": 0.0749824047088623, "input_args": {"term": "'dibuat'"}, "time": 1767866615.9012988}