{"duration": 0.02150893211364746, "input_args": {"term": "'gencet'"}, "time": 1767866539.061547}