{"duration": 0.009349346160888672, "input_args": {"term": "'diusung'"}, "time": 1767866502.4416335}