{"duration": 0.03873395919799805, "input_args": {"term": "'bjb'"}, "time": 1767866629.9201128}