{"duration": 0.06936264038085938, "input_args": {"term": "'mn'"}, "time": 1767866593.6238716}