{"duration": 0.0030372142791748047, "input_args": {"term": "'buku'"}, "time": 1767866502.5351171}