{"duration": 1.4307663440704346, "input_args": {"term": "'admin'"}, "time": 1767866517.73693}