{"duration": 0.05570673942565918, "input_args": {"term": "'sni'"}, "time": 1767866527.304411}