{"duration": 0.04042863845825195, "input_args": {"term": "'programnya'"}, "time": 1767866583.7908368}