{"duration": 0.7089009284973145, "input_args": {"term": "'dipake'"}, "time": 1767866530.5145922}