{"duration": 0.18715262413024902, "input_args": {"term": "'menerima'"}, "time": 1767866537.3285081}