{"duration": 0.030781269073486328, "input_args": {"term": "'masya'"}, "time": 1767866605.2106774}