{"duration": 0.03840923309326172, "input_args": {"term": "'pengaruhnya'"}, "time": 1767866615.7129388}