{"duration": 0.023246049880981445, "input_args": {"term": "'belanda'"}, "time": 1767866517.6074622}