{"duration": 0.025359392166137695, "input_args": {"term": "'situ'"}, "time": 1767866595.4517775}