{"duration": 1.3346760272979736, "input_args": {"term": "'file'"}, "time": 1767866595.6502614}