{"duration": 0.017242908477783203, "input_args": {"term": "'kasus'"}, "time": 1767866590.486717}