{"duration": 1.293734073638916, "input_args": {"term": "'morality'"}, "time": 1767866608.7314248}