{"duration": 0.05970287322998047, "input_args": {"term": "'its'"}, "time": 1767866615.8489037}