{"duration": 3.8303771018981934, "input_args": {"term": "'nauzubilah'"}, "time": 1767866543.4145522}