{"duration": 0.02711629867553711, "input_args": {"term": "'laut'"}, "time": 1767866568.3996637}