{"duration": 0.24161219596862793, "input_args": {"term": "'mulyoni'"}, "time": 1767866501.578632}