{"duration": 1.317845106124878, "input_args": {"term": "'tabirnye'"}, "time": 1767866627.1903162}