{"duration": 0.02097797393798828, "input_args": {"term": "'tebak'"}, "time": 1767866569.61126}