{"duration": 1.437333345413208, "input_args": {"term": "'more'"}, "time": 1767866572.4141304}