{"duration": 1.3193907737731934, "input_args": {"term": "'fans'"}, "time": 1767866595.5523918}