{"duration": 1.3639516830444336, "input_args": {"term": "'pajakbea'"}, "time": 1767866526.3576028}