{"duration": 0.02659749984741211, "input_args": {"term": "'mata'"}, "time": 1767866619.065095}