{"duration": 0.018315792083740234, "input_args": {"term": "'doa'"}, "time": 1767866533.1113331}