{"duration": 1.3663508892059326, "input_args": {"term": "'prioritasin'"}, "time": 1767866574.7581193}