{"duration": 0.960613489151001, "input_args": {"term": "'beraturan'"}, "time": 1767866592.4814987}