{"duration": 0.06595802307128906, "input_args": {"term": "'pys'"}, "time": 1767866593.195887}