{"duration": 0.024698972702026367, "input_args": {"term": "'sesuai'"}, "time": 1767866605.2801082}