{"duration": 0.03435921669006348, "input_args": {"term": "'ranahnya'"}, "time": 1767866511.5226908}