{"duration": 1.1309385299682617, "input_args": {"term": "'nantang'"}, "time": 1767866573.5663867}