{"duration": 0.05332136154174805, "input_args": {"term": "'kedaerah'"}, "time": 1767866604.5144148}