{"duration": 0.025922775268554688, "input_args": {"term": "'peluru'"}, "time": 1767866617.4882398}