{"duration": 0.022999048233032227, "input_args": {"term": "'perspektif'"}, "time": 1767866538.5741742}