{"duration": 0.02006363868713379, "input_args": {"term": "'ranjang'"}, "time": 1767866579.85607}