{"duration": 0.09194183349609375, "input_args": {"term": "'terbukti'"}, "time": 1767866527.1554263}