{"duration": 0.12981343269348145, "input_args": {"term": "'melapor'"}, "time": 1767866573.8538656}