{"duration": 0.025401830673217773, "input_args": {"term": "'universitas'"}, "time": 1767866626.0006745}