{"duration": 0.05120658874511719, "input_args": {"term": "'of'"}, "time": 1767866596.3776336}