{"duration": 0.0036427974700927734, "input_args": {"term": "'demo'"}, "time": 1767866502.1903913}