{"duration": 0.023122787475585938, "input_args": {"term": "'kolusi'"}, "time": 1767866513.404954}