{"duration": 2.521780490875244, "input_args": {"term": "'goalnya'"}, "time": 1767866629.4582613}