{"duration": 0.05194211006164551, "input_args": {"term": "'vs'"}, "time": 1767866562.8158057}