{"duration": 1.8272192478179932, "input_args": {"term": "'kemdali'"}, "time": 1767866525.8819745}