{"duration": 0.34822678565979004, "input_args": {"term": "'minister'"}, "time": 1767866620.1814692}