{"duration": 0.03527975082397461, "input_args": {"term": "'beriman'"}, "time": 1767866622.4385872}