{"duration": 0.022034168243408203, "input_args": {"term": "'susah'"}, "time": 1767866518.758439}