{"duration": 0.3121061325073242, "input_args": {"term": "'kepemimpinan'"}, "time": 1767866610.3395042}