{"duration": 0.02426600456237793, "input_args": {"term": "'benderang'"}, "time": 1767866626.3631327}