{"duration": 0.05479884147644043, "input_args": {"term": "'bri'"}, "time": 1767866628.7073958}