{"duration": 0.014704704284667969, "input_args": {"term": "'basah'"}, "time": 1767866531.4115164}