{"duration": 0.026309490203857422, "input_args": {"term": "'mantap'"}, "time": 1767866619.0336375}