{"duration": 0.010286092758178711, "input_args": {"term": "'mun'"}, "time": 1767866500.3236217}