{"duration": 0.04878497123718262, "input_args": {"term": "'pangeran'"}, "time": 1767866552.3404455}