{"duration": 0.8753273487091064, "input_args": {"term": "'jelasin'"}, "time": 1767866630.56664}