{"duration": 1.189871072769165, "input_args": {"term": "'pramono'"}, "time": 1767866609.7834086}