{"duration": 0.018810272216796875, "input_args": {"term": "'institusi'"}, "time": 1767866603.5045795}