{"duration": 0.05422616004943848, "input_args": {"term": "'diawal'"}, "time": 1767866549.0188966}