{"duration": 0.03217506408691406, "input_args": {"term": "'bohong'"}, "time": 1767866537.9362366}