{"duration": 0.0033125877380371094, "input_args": {"term": "'pabrik'"}, "time": 1767866500.5271988}