{"duration": 0.2085254192352295, "input_args": {"term": "'perorangan'"}, "time": 1767866566.5877824}