{"duration": 0.021114110946655273, "input_args": {"term": "'beberapa'"}, "time": 1767866564.300051}