{"duration": 0.020392179489135742, "input_args": {"term": "'seragaman'"}, "time": 1767866554.531875}