{"duration": 1.0825860500335693, "input_args": {"term": "'menunjukan'"}, "time": 1767866606.7906115}