{"duration": 0.05192136764526367, "input_args": {"term": "'gub'"}, "time": 1767866517.9765482}