{"duration": 1.1999380588531494, "input_args": {"term": "'ramerame'"}, "time": 1767866623.0802336}