{"duration": 0.8363888263702393, "input_args": {"term": "'bermanfat'"}, "time": 1767866616.4299068}