{"duration": 0.04132366180419922, "input_args": {"term": "'kualitasnya'"}, "time": 1767866579.542428}