{"duration": 0.022542238235473633, "input_args": {"term": "'besar'"}, "time": 1767866586.3172033}