{"duration": 0.04093813896179199, "input_args": {"term": "'pke'"}, "time": 1767866506.3848243}