{"duration": 0.15901422500610352, "input_args": {"term": "'mentri'"}, "time": 1767866560.6572907}