{"duration": 0.024533510208129883, "input_args": {"term": "'ragu'"}, "time": 1767866513.2296214}