{"duration": 0.012537479400634766, "input_args": {"term": "'ijazah'"}, "time": 1767866554.292009}