{"duration": 1.3958001136779785, "input_args": {"term": "'excise'"}, "time": 1767866592.818638}