{"duration": 0.014647483825683594, "input_args": {"term": "'memberantas'"}, "time": 1767866501.7300584}