{"duration": 0.17136549949645996, "input_args": {"term": "'menindas'"}, "time": 1767866588.2688205}