{"duration": 0.9990670680999756, "input_args": {"term": "'hubx'"}, "time": 1767866562.0294547}