{"duration": 0.03412151336669922, "input_args": {"term": "'tombak'"}, "time": 1767866602.3840816}