{"duration": 2.2512989044189453, "input_args": {"term": "'indrawati'"}, "time": 1767866566.2807055}