{"duration": 0.3332653045654297, "input_args": {"term": "'piningit'"}, "time": 1767866620.7023993}