{"duration": 0.03609633445739746, "input_args": {"term": "'risetnya'"}, "time": 1767866513.4973166}