{"duration": 1.421553611755371, "input_args": {"term": "'hiden'"}, "time": 1767866605.3833199}