{"duration": 0.00857090950012207, "input_args": {"term": "'singkirkan'"}, "time": 1767866500.8454533}