{"duration": 0.02321767807006836, "input_args": {"term": "'drastis'"}, "time": 1767866523.9513943}