{"duration": 0.013962030410766602, "input_args": {"term": "'bijaksana:'"}, "time": 1767866505.516505}