{"duration": 0.018352270126342773, "input_args": {"term": "'aplikasi'"}, "time": 1767866582.647986}