{"duration": 0.9660379886627197, "input_args": {"term": "'diakui'"}, "time": 1767866557.5201356}