{"duration": 0.0221712589263916, "input_args": {"term": "'istirahat'"}, "time": 1767866544.864139}