{"duration": 1.2362101078033447, "input_args": {"term": "'mantapak'"}, "time": 1767866539.3625612}