{"duration": 0.07489776611328125, "input_args": {"term": "'bsa'"}, "time": 1767866508.0909903}