{"duration": 0.042943716049194336, "input_args": {"term": "'lautan'"}, "time": 1767866610.8220508}