{"duration": 0.01906585693359375, "input_args": {"term": "'mampu'"}, "time": 1767866518.609992}