{"duration": 0.04519033432006836, "input_args": {"term": "'golongan'"}, "time": 1767866548.194384}