{"duration": 1.4155185222625732, "input_args": {"term": "'kendaran'"}, "time": 1767866528.2813747}