{"duration": 0.0018756389617919922, "input_args": {"term": "'manusia'"}, "time": 1767866501.6556363}