{"duration": 0.020617008209228516, "input_args": {"term": "'pilihan'"}, "time": 1767866502.7608647}