{"duration": 1.4781386852264404, "input_args": {"term": "'gayus'"}, "time": 1767866568.6716065}