{"duration": 0.04704856872558594, "input_args": {"term": "'ig'"}, "time": 1767866544.67989}