{"duration": 0.03416919708251953, "input_args": {"term": "'masyarakat'"}, "time": 1767866575.210578}