{"duration": 1.9436123371124268, "input_args": {"term": "'keciltapi'"}, "time": 1767866553.0931349}