{"duration": 1.2635977268218994, "input_args": {"term": "'sampaiselamatepat'"}, "time": 1767866524.4433174}