{"duration": 0.04857373237609863, "input_args": {"term": "'keduanya'"}, "time": 1767866563.4517345}