{"duration": 1.4085116386413574, "input_args": {"term": "'porakporanda'"}, "time": 1767866628.136226}