{"duration": 0.04437518119812012, "input_args": {"term": "'sediakan'"}, "time": 1767866616.8476293}