{"duration": 0.13530969619750977, "input_args": {"term": "'terurus'"}, "time": 1767866595.3328893}