{"duration": 0.07681679725646973, "input_args": {"term": "'direshufle'"}, "time": 1767866500.982114}