{"duration": 0.06597685813903809, "input_args": {"term": "'ege'"}, "time": 1767866586.024144}