{"duration": 0.05484604835510254, "input_args": {"term": "'dimudahkan'"}, "time": 1767866570.9435222}