{"duration": 0.032854557037353516, "input_args": {"term": "'jalanan'"}, "time": 1767866581.5825355}