{"duration": 0.9691429138183594, "input_args": {"term": "'menempati'"}, "time": 1767866558.7768784}