{"duration": 0.17612099647521973, "input_args": {"term": "'durung'"}, "time": 1767866502.0107925}