{"duration": 0.05785655975341797, "input_args": {"term": "'dipegang'"}, "time": 1767866540.5956979}