{"duration": 0.050279855728149414, "input_args": {"term": "'kp'"}, "time": 1767866518.2008498}