{"duration": 0.027489185333251953, "input_args": {"term": "'pamor'"}, "time": 1767866534.8145037}