{"duration": 0.020321130752563477, "input_args": {"term": "'are'"}, "time": 1767866573.0760598}