{"duration": 0.022770404815673828, "input_args": {"term": "'kaco'"}, "time": 1767866544.934314}