{"duration": 0.030186176300048828, "input_args": {"term": "'masakan'"}, "time": 1767866524.6461504}