{"duration": 0.03927040100097656, "input_args": {"term": "'darimu'"}, "time": 1767866562.9079502}