{"duration": 0.1503126621246338, "input_args": {"term": "'merokok'"}, "time": 1767866572.7388046}