{"duration": 0.022938013076782227, "input_args": {"term": "'moneter'"}, "time": 1767866546.6161513}