{"duration": 0.03917217254638672, "input_args": {"term": "'sebodoh'"}, "time": 1767866618.3310664}