{"duration": 0.02343463897705078, "input_args": {"term": "'kotak'"}, "time": 1767866538.4484093}