{"duration": 1.3946382999420166, "input_args": {"term": "'nagih'"}, "time": 1767866627.2392402}