{"duration": 0.2837696075439453, "input_args": {"term": "'perdagangan'"}, "time": 1767866508.3885064}