{"duration": 0.010928630828857422, "input_args": {"term": "'ikhlas'"}, "time": 1767866533.7989051}