{"duration": 1.243483543395996, "input_args": {"term": "'mulyono'"}, "time": 1767866537.545883}