{"duration": 0.9603919982910156, "input_args": {"term": "'dola'"}, "time": 1767866623.9089808}