{"duration": 0.0727529525756836, "input_args": {"term": "'berseragam'"}, "time": 1767866562.2034857}