{"duration": 0.02063441276550293, "input_args": {"term": "'banding'"}, "time": 1767866530.6085048}