{"duration": 0.022835969924926758, "input_args": {"term": "'wilayah'"}, "time": 1767866555.2626467}