{"duration": 0.01978611946105957, "input_args": {"term": "'miskin'"}, "time": 1767866629.6526644}