{"duration": 0.019722938537597656, "input_args": {"term": "'gagah'"}, "time": 1767866545.0367503}