{"duration": 0.014917850494384766, "input_args": {"term": "'damai'"}, "time": 1767866533.0062258}