{"duration": 0.025840282440185547, "input_args": {"term": "'mulai'"}, "time": 1767866572.692728}