{"duration": 0.0535275936126709, "input_args": {"term": "'kenyatanya'"}, "time": 1767866545.2076867}