{"duration": 0.01894235610961914, "input_args": {"term": "'desain'"}, "time": 1767866565.6854522}