{"duration": 0.15577268600463867, "input_args": {"term": "'kokbangsat'"}, "time": 1767866502.3106253}