{"duration": 0.021961688995361328, "input_args": {"term": "'borong'"}, "time": 1767866515.077598}