{"duration": 0.12791037559509277, "input_args": {"term": "'se'"}, "time": 1767866537.9167008}