{"duration": 1.1983768939971924, "input_args": {"term": "'bpdah'"}, "time": 1767866612.3385053}