{"duration": 0.015264034271240234, "input_args": {"term": "'terserap'"}, "time": 1767866501.9515183}