{"duration": 0.05652308464050293, "input_args": {"term": "'sebelumnya'"}, "time": 1767866540.013774}