{"duration": 0.027216672897338867, "input_args": {"term": "'pintar'"}, "time": 1767866568.2692375}