{"duration": 2.563633441925049, "input_args": {"term": "'batman'"}, "time": 1767866592.5696523}