{"duration": 0.07210898399353027, "input_args": {"term": "'bersama'"}, "time": 1767866573.870895}