{"duration": 0.0180511474609375, "input_args": {"term": "'tamat'"}, "time": 1767866569.0122209}