{"duration": 0.0403139591217041, "input_args": {"term": "'bersahaja'"}, "time": 1767866554.402002}