{"duration": 0.009039640426635742, "input_args": {"term": "'daerah'"}, "time": 1767866502.8078237}