{"duration": 0.14961934089660645, "input_args": {"term": "'merata'"}, "time": 1767866524.3944204}