{"duration": 0.0183565616607666, "input_args": {"term": "'reaktif'"}, "time": 1767866536.2198706}