{"duration": 0.034745216369628906, "input_args": {"term": "'buahnya'"}, "time": 1767866606.2726066}