{"duration": 1.1503987312316895, "input_args": {"term": "'nyekik'"}, "time": 1767866514.882957}