{"duration": 0.017229557037353516, "input_args": {"term": "'transparan'"}, "time": 1767866588.5692196}