{"duration": 0.02048325538635254, "input_args": {"term": "'anjing'"}, "time": 1767866548.6630075}