{"duration": 0.991142988204956, "input_args": {"term": "'gren'"}, "time": 1767866590.1245706}