{"duration": 0.4644434452056885, "input_args": {"term": "'kediri'"}, "time": 1767866531.959787}