{"duration": 0.04604768753051758, "input_args": {"term": "'pny'"}, "time": 1767866622.836447}