{"duration": 0.02504754066467285, "input_args": {"term": "'kota'"}, "time": 1767866508.9714525}