{"duration": 0.01609182357788086, "input_args": {"term": "'aman'"}, "time": 1767866527.6431973}