{"duration": 0.028246402740478516, "input_args": {"term": "'terminal'"}, "time": 1767866559.2089953}