{"duration": 0.01942920684814453, "input_args": {"term": "'bobot'"}, "time": 1767866573.1359324}