{"duration": 0.052045345306396484, "input_args": {"term": "'itb'"}, "time": 1767866534.715897}