{"duration": 1.3039393424987793, "input_args": {"term": "'rakyatya'"}, "time": 1767866543.6037877}