{"duration": 0.026233434677124023, "input_args": {"term": "'putar'"}, "time": 1767866622.181872}