{"duration": 0.016218900680541992, "input_args": {"term": "'nol'"}, "time": 1767866544.5119355}