{"duration": 0.019025325775146484, "input_args": {"term": "'pusing'"}, "time": 1767866613.8601427}