{"duration": 1.3832905292510986, "input_args": {"term": "'respon'"}, "time": 1767866508.2145333}