{"duration": 0.0207366943359375, "input_args": {"term": "'citra'"}, "time": 1767866617.040144}