{"duration": 0.9761590957641602, "input_args": {"term": "'disingkirin'"}, "time": 1767866571.6222064}