{"duration": 0.05759453773498535, "input_args": {"term": "'ouh'"}, "time": 1767866624.9771812}