{"duration": 0.0461122989654541, "input_args": {"term": "'rapatkan'"}, "time": 1767866586.2570825}