{"duration": 1.194197177886963, "input_args": {"term": "'cortex'"}, "time": 1767866615.4553387}