{"duration": 1.2324340343475342, "input_args": {"term": "'system'"}, "time": 1767866504.571685}