{"duration": 1.0722882747650146, "input_args": {"term": "'boboin'"}, "time": 1767866519.5059755}