{"duration": 0.01665019989013672, "input_args": {"term": "'wajar'"}, "time": 1767866554.9819872}