{"duration": 0.02068924903869629, "input_args": {"term": "'sepatu'"}, "time": 1767866525.5222468}