{"duration": 0.7748305797576904, "input_args": {"term": "'berinterigitas'"}, "time": 1767866559.3990142}