{"duration": 0.018716096878051758, "input_args": {"term": "'hisab'"}, "time": 1767866628.8025186}