{"duration": 0.27761006355285645, "input_args": {"term": "'penyakit'"}, "time": 1767866573.2227187}