{"duration": 1.3259878158569336, "input_args": {"term": "'gawe'"}, "time": 1767866523.9808362}