{"duration": 2.826930522918701, "input_args": {"term": "'gawian'"}, "time": 1767866579.1036644}