{"duration": 0.04622316360473633, "input_args": {"term": "'tps'"}, "time": 1767866611.6964092}