{"duration": 0.1768629550933838, "input_args": {"term": "'mengorbankan'"}, "time": 1767866569.813546}