{"duration": 1.2101876735687256, "input_args": {"term": "'onoh'"}, "time": 1767866539.6039026}