{"duration": 0.7622787952423096, "input_args": {"term": "'diolah'"}, "time": 1767866606.643694}