{"duration": 0.04266762733459473, "input_args": {"term": "'sepetinya'"}, "time": 1767866541.0765727}