{"duration": 1.822486162185669, "input_args": {"term": "'ditekan'"}, "time": 1767866602.8406048}