{"duration": 1.1111476421356201, "input_args": {"term": "'nguatin'"}, "time": 1767866615.0485325}