{"duration": 0.0307769775390625, "input_args": {"term": "'bung'"}, "time": 1767866598.8456054}