{"duration": 0.04742550849914551, "input_args": {"term": "'ditengah'"}, "time": 1767866512.8809354}