{"duration": 0.050095319747924805, "input_args": {"term": "'bpa'"}, "time": 1767866506.552869}