{"duration": 0.020003795623779297, "input_args": {"term": "'tahi'"}, "time": 1767866608.8046522}