{"duration": 0.01727604866027832, "input_args": {"term": "'deposit'"}, "time": 1767866553.2858593}