{"duration": 1.3027944564819336, "input_args": {"term": "'hahaha'"}, "time": 1767866541.019331}