{"duration": 1.2408945560455322, "input_args": {"term": "'views'"}, "time": 1767866612.865796}