{"duration": 1.3661165237426758, "input_args": {"term": "'acountable'"}, "time": 1767866594.4533498}