{"duration": 0.0021507740020751953, "input_args": {"term": "'puji'"}, "time": 1767866502.4617481}