{"duration": 0.02226853370666504, "input_args": {"term": "'gaduh'"}, "time": 1767866597.8516319}