{"duration": 1.5244026184082031, "input_args": {"term": "'amerika'"}, "time": 1767866579.2553697}