{"duration": 0.10725617408752441, "input_args": {"term": "'terbatas'"}, "time": 1767866532.6331742}