{"duration": 0.9430608749389648, "input_args": {"term": "'perbaikan'"}, "time": 1767866562.9057238}