{"duration": 0.051820993423461914, "input_args": {"term": "'simpanan'"}, "time": 1767866611.3645973}