{"duration": 0.023714542388916016, "input_args": {"term": "'video'"}, "time": 1767866614.1718812}