{"duration": 0.02289867401123047, "input_args": {"term": "'pahlawan'"}, "time": 1767866539.4597375}