{"duration": 0.10483503341674805, "input_args": {"term": "'tergerus'"}, "time": 1767866515.2359867}