{"duration": 1.26786208152771, "input_args": {"term": "'netijen'"}, "time": 1767866511.5625176}