{"duration": 0.025790929794311523, "input_args": {"term": "'dekat'"}, "time": 1767866572.8625689}