{"duration": 0.6455123424530029, "input_args": {"term": "'melalui'"}, "time": 1767866554.352996}