{"duration": 0.0482640266418457, "input_args": {"term": "'berikan'"}, "time": 1767866607.8614352}