{"duration": 0.0386660099029541, "input_args": {"term": "'her'"}, "time": 1767866563.2616863}