{"duration": 0.0408177375793457, "input_args": {"term": "'katakan'"}, "time": 1767866547.5328922}