{"duration": 0.054578304290771484, "input_args": {"term": "'pur'"}, "time": 1767866616.4441469}