{"duration": 0.04796552658081055, "input_args": {"term": "'didemo'"}, "time": 1767866509.1472428}