{"duration": 0.13039422035217285, "input_args": {"term": "'filing'"}, "time": 1767866501.908678}