{"duration": 1.268523931503296, "input_args": {"term": "'curbing'"}, "time": 1767866557.03396}