{"duration": 0.024713754653930664, "input_args": {"term": "'ramah'"}, "time": 1767866557.7923994}