{"duration": 0.017528295516967773, "input_args": {"term": "'dewan'"}, "time": 1767866600.2538784}