{"duration": 1.344996452331543, "input_args": {"term": "'wkwkwk'"}, "time": 1767866604.1708906}