{"duration": 0.022644519805908203, "input_args": {"term": "'hak'"}, "time": 1767866553.5741613}