{"duration": 0.22365665435791016, "input_args": {"term": "'pelajaran'"}, "time": 1767866533.7619312}