{"duration": 0.019445180892944336, "input_args": {"term": "'asisten'"}, "time": 1767866513.9493487}