{"duration": 0.021451473236083984, "input_args": {"term": "'rendah'"}, "time": 1767866586.9196317}