{"duration": 0.019457578659057617, "input_args": {"term": "'langkah'"}, "time": 1767866512.8252404}