{"duration": 0.14643096923828125, "input_args": {"term": "'esdy'"}, "time": 1767866502.4796026}