{"duration": 0.04401397705078125, "input_args": {"term": "'bisanya'"}, "time": 1767866558.0435243}