{"duration": 0.02969074249267578, "input_args": {"term": "'siswa'"}, "time": 1767866516.6895561}