{"duration": 0.04233360290527344, "input_args": {"term": "'keramaian'"}, "time": 1767866607.3388257}