{"duration": 0.005936861038208008, "input_args": {"term": "'supan'"}, "time": 1767866501.4754071}