{"duration": 0.13088274002075195, "input_args": {"term": "'smua'"}, "time": 1767866501.0734239}