{"duration": 0.9389574527740479, "input_args": {"term": "'dibiarim'"}, "time": 1767866558.2882853}