{"duration": 2.8078558444976807, "input_args": {"term": "'ngosan'"}, "time": 1767866553.3002095}