{"duration": 0.11474108695983887, "input_args": {"term": "'tertingi'"}, "time": 1767866595.0593207}