{"duration": 0.031188488006591797, "input_args": {"term": "'skeptis'"}, "time": 1767866577.3703132}