{"duration": 0.019647598266601562, "input_args": {"term": "'aksi'"}, "time": 1767866516.8094432}