{"duration": 1.3507134914398193, "input_args": {"term": "'keuanganjadi'"}, "time": 1767866620.8399575}