{"duration": 0.18665146827697754, "input_args": {"term": "'mendapatkan'"}, "time": 1767866602.4139643}