{"duration": 1.3578040599822998, "input_args": {"term": "'idih'"}, "time": 1767866604.401733}