{"duration": 0.019026517868041992, "input_args": {"term": "'anak'"}, "time": 1767866611.9993014}