{"duration": 1.418874979019165, "input_args": {"term": "'rudet'"}, "time": 1767866595.1109533}