{"duration": 1.075577974319458, "input_args": {"term": "'siapapungas'"}, "time": 1767866527.9053469}