{"duration": 1.0003716945648193, "input_args": {"term": "'warasz'"}, "time": 1767866534.9048254}