{"duration": 0.6713047027587891, "input_args": {"term": "'memperkya'"}, "time": 1767866548.062585}