{"duration": 0.07500290870666504, "input_args": {"term": "'s'"}, "time": 1767866578.565956}