{"duration": 0.06783175468444824, "input_args": {"term": "'mg'"}, "time": 1767866545.2922027}