{"duration": 0.5333163738250732, "input_args": {"term": "'keser'"}, "time": 1767866598.276268}