{"duration": 0.01213216781616211, "input_args": {"term": "'kep'"}, "time": 1767866534.267217}