{"duration": 0.8306493759155273, "input_args": {"term": "'diva'"}, "time": 1767866543.7755864}