{"duration": 1.263770580291748, "input_args": {"term": "'pingir'"}, "time": 1767866550.868651}