{"duration": 0.0428311824798584, "input_args": {"term": "'pensiunan'"}, "time": 1767866606.6064868}