{"duration": 1.0017426013946533, "input_args": {"term": "'begitulh'"}, "time": 1767866619.678362}