{"duration": 0.018143415451049805, "input_args": {"term": "'ekonomi'"}, "time": 1767866579.9500005}