{"duration": 0.10568070411682129, "input_args": {"term": "'ternyata'"}, "time": 1767866621.1758173}