{"duration": 0.028283357620239258, "input_args": {"term": "'ibunya'"}, "time": 1767866505.6867437}