{"duration": 0.03195929527282715, "input_args": {"term": "'kenyatan'"}, "time": 1767866561.6617446}