{"duration": 0.01590108871459961, "input_args": {"term": "'idealis'"}, "time": 1767866625.4486485}