{"duration": 0.05957818031311035, "input_args": {"term": "'klw'"}, "time": 1767866509.124316}