{"duration": 0.019084453582763672, "input_args": {"term": "'kakek'"}, "time": 1767866591.2996871}