{"duration": 0.03207969665527344, "input_args": {"term": "'pembohong'"}, "time": 1767866501.4571862}