{"duration": 1.270578145980835, "input_args": {"term": "'soliala'"}, "time": 1767866583.6788352}