{"duration": 1.3157331943511963, "input_args": {"term": "'political'"}, "time": 1767866508.3209915}