{"duration": 0.01697063446044922, "input_args": {"term": "'semut'"}, "time": 1767866614.553794}