{"duration": 0.0020227432250976562, "input_args": {"term": "'sembunyi'"}, "time": 1767866501.7583017}