{"duration": 2.310391902923584, "input_args": {"term": "'jadinrnteri'"}, "time": 1767866508.6859627}