{"duration": 0.8533382415771484, "input_args": {"term": "'diladenin'"}, "time": 1767866610.6122894}