{"duration": 0.03160262107849121, "input_args": {"term": "'tinggal'"}, "time": 1767866523.3142638}