{"duration": 1.0991032123565674, "input_args": {"term": "'bahlil'"}, "time": 1767866519.1536453}