{"duration": 0.02849555015563965, "input_args": {"term": "'sewa'"}, "time": 1767866605.6581948}