{"duration": 1.1686432361602783, "input_args": {"term": "'nyasar'"}, "time": 1767866582.1013603}