{"duration": 0.059504032135009766, "input_args": {"term": "'seburuk'"}, "time": 1767866610.1197853}