{"duration": 0.05826759338378906, "input_args": {"term": "'umumnya'"}, "time": 1767866550.366458}