{"duration": 0.02320241928100586, "input_args": {"term": "'mahkota'"}, "time": 1767866531.7995522}