{"duration": 0.01845264434814453, "input_args": {"term": "'wanita'"}, "time": 1767866629.732161}