{"duration": 1.1437113285064697, "input_args": {"term": "'resapel'"}, "time": 1767866580.6068738}