{"duration": 1.9530844688415527, "input_args": {"term": "'ponakanya'"}, "time": 1767866620.429829}