{"duration": 0.049691200256347656, "input_args": {"term": "'laporan'"}, "time": 1767866593.4159343}