{"duration": 0.003482341766357422, "input_args": {"term": "'denda'"}, "time": 1767866500.5868907}