{"duration": 0.06834936141967773, "input_args": {"term": "'kezaliman'"}, "time": 1767866601.6379259}