{"duration": 0.9382975101470947, "input_args": {"term": "'diangap'"}, "time": 1767866591.7110584}