{"duration": 0.32393336296081543, "input_args": {"term": "'peneliti'"}, "time": 1767866615.2207036}