{"duration": 2.24823260307312, "input_args": {"term": "'swis'"}, "time": 1767866614.3638191}