{"duration": 0.03807353973388672, "input_args": {"term": "'segar'"}, "time": 1767866520.6848078}