{"duration": 0.022627592086791992, "input_args": {"term": "'cairnya'"}, "time": 1767866545.7398157}