{"duration": 0.24420475959777832, "input_args": {"term": "'persulit'"}, "time": 1767866519.1397989}