{"duration": 1.0075316429138184, "input_args": {"term": "'terimakasih'"}, "time": 1767866585.293567}