{"duration": 1.4898242950439453, "input_args": {"term": "'langsng'"}, "time": 1767866568.9014306}