{"duration": 0.14222431182861328, "input_args": {"term": "'tersirat'"}, "time": 1767866604.343644}