{"duration": 1.3528921604156494, "input_args": {"term": "'goceng'"}, "time": 1767866571.1699677}