{"duration": 1.4145128726959229, "input_args": {"term": "'bumn'"}, "time": 1767866552.163594}