{"duration": 0.08631610870361328, "input_args": {"term": "'tercatat'"}, "time": 1767866597.4257803}