{"duration": 0.040148019790649414, "input_args": {"term": "'diliput'"}, "time": 1767866528.0031178}