{"duration": 0.04097867012023926, "input_args": {"term": "'bangkan'"}, "time": 1767866523.4437685}