{"duration": 0.046193599700927734, "input_args": {"term": "'ite'"}, "time": 1767866620.6062462}