{"duration": 0.02087569236755371, "input_args": {"term": "'pulang'"}, "time": 1767866625.1937046}