{"duration": 0.045931339263916016, "input_args": {"term": "'dibunuh'"}, "time": 1767866508.8329551}