{"duration": 0.02837514877319336, "input_args": {"term": "'jenius'"}, "time": 1767866521.924253}