{"duration": 0.1564469337463379, "input_args": {"term": "'bsha'"}, "time": 1767866502.3830223}