{"duration": 0.17195582389831543, "input_args": {"term": "'daripda'"}, "time": 1767866501.1792939}