{"duration": 0.024796485900878906, "input_args": {"term": "'semenjak'"}, "time": 1767866623.1495962}