{"duration": 0.033769845962524414, "input_args": {"term": "'lainya'"}, "time": 1767866629.3628235}