{"duration": 0.0201570987701416, "input_args": {"term": "'ali'"}, "time": 1767866618.0474956}