{"duration": 1.1901803016662598, "input_args": {"term": "'ngerasa'"}, "time": 1767866540.2993476}