{"duration": 1.0365500450134277, "input_args": {"term": "'economy'"}, "time": 1767866581.3648794}