{"duration": 1.1157042980194092, "input_args": {"term": "'flyover'"}, "time": 1767866528.2183318}