{"duration": 1.1816909313201904, "input_args": {"term": "'mangkrak'"}, "time": 1767866629.153743}