{"duration": 1.0054254531860352, "input_args": {"term": "'mencukupi'"}, "time": 1767866527.1904585}