{"duration": 0.029972076416015625, "input_args": {"term": "'dalangnya'"}, "time": 1767866623.3295462}