{"duration": 0.014868974685668945, "input_args": {"term": "'sampean'"}, "time": 1767866554.915829}