{"duration": 0.8226346969604492, "input_args": {"term": "'mataram'"}, "time": 1767866555.4250073}