{"duration": 0.07424759864807129, "input_args": {"term": "'lulusan'"}, "time": 1767866540.482185}