{"duration": 2.6588938236236572, "input_args": {"term": "'kordinasi'"}, "time": 1767866595.7087634}