{"duration": 0.006005764007568359, "input_args": {"term": "'dihancurkan'"}, "time": 1767866500.7374864}