{"duration": 0.01658487319946289, "input_args": {"term": "'maklum'"}, "time": 1767866535.0669386}