{"duration": 1.1506929397583008, "input_args": {"term": "'ambu'"}, "time": 1767866616.4072006}