{"duration": 1.1042251586914062, "input_args": {"term": "'ijasah'"}, "time": 1767866514.4440167}