{"duration": 0.04102826118469238, "input_args": {"term": "'notanya'"}, "time": 1767866569.7892222}