{"duration": 0.02091503143310547, "input_args": {"term": "'bebas'"}, "time": 1767866622.605845}