{"duration": 0.7161808013916016, "input_args": {"term": "'diapain'"}, "time": 1767866503.865142}