{"duration": 0.06248760223388672, "input_args": {"term": "'sh'"}, "time": 1767866515.947127}