{"duration": 0.05275893211364746, "input_args": {"term": "'dibuka'"}, "time": 1767866542.4687405}