{"duration": 0.020966529846191406, "input_args": {"term": "'tiap'"}, "time": 1767866543.8682272}