{"duration": 1.1691594123840332, "input_args": {"term": "'ngonten'"}, "time": 1767866590.9704974}