{"duration": 0.30797314643859863, "input_args": {"term": "'pejabatan'"}, "time": 1767866562.890435}