{"duration": 0.028702259063720703, "input_args": {"term": "'telat'"}, "time": 1767866517.855816}