{"duration": 2.1831679344177246, "input_args": {"term": "'closingan'"}, "time": 1767866615.3990564}