{"duration": 0.20842528343200684, "input_args": {"term": "'pengemplang'"}, "time": 1767866534.0883932}