{"duration": 1.335822582244873, "input_args": {"term": "'blakang'"}, "time": 1767866593.9010036}