{"duration": 0.016376733779907227, "input_args": {"term": "'sembarang'"}, "time": 1767866599.9830902}