{"duration": 0.06958723068237305, "input_args": {"term": "'berjuang'"}, "time": 1767866593.0430999}