{"duration": 0.6853961944580078, "input_args": {"term": "'memerangi'"}, "time": 1767866619.9174156}