{"duration": 0.16559648513793945, "input_args": {"term": "'lord'"}, "time": 1767866501.088726}