{"duration": 0.5968599319458008, "input_args": {"term": "'dintelin'"}, "time": 1767866534.2072072}