{"duration": 0.04221749305725098, "input_args": {"term": "'keseriusan'"}, "time": 1767866561.7328188}