{"duration": 0.019609928131103516, "input_args": {"term": "'gedung'"}, "time": 1767866559.88407}