{"duration": 0.023715972900390625, "input_args": {"term": "'dirinya'"}, "time": 1767866599.9642544}