{"duration": 0.01986217498779297, "input_args": {"term": "'panik'"}, "time": 1767866531.4491417}