{"duration": 0.04553675651550293, "input_args": {"term": "'usahanya'"}, "time": 1767866519.773529}