{"duration": 0.01712822914123535, "input_args": {"term": "'dobol'"}, "time": 1767866528.2775404}