{"duration": 0.02238178253173828, "input_args": {"term": "'fasilitas'"}, "time": 1767866520.4358387}