{"duration": 0.029975414276123047, "input_args": {"term": "'tahu'"}, "time": 1767866612.8563473}