{"duration": 0.0421597957611084, "input_args": {"term": "'bra'"}, "time": 1767866559.7342052}