{"duration": 0.03294181823730469, "input_args": {"term": "'suri'"}, "time": 1767866617.3237736}