{"duration": 0.015386104583740234, "input_args": {"term": "'elegan'"}, "time": 1767866533.5769393}