{"duration": 1.3362836837768555, "input_args": {"term": "'deserve'"}, "time": 1767866625.1045957}