{"duration": 0.026351451873779297, "input_args": {"term": "'hemat'"}, "time": 1767866578.6600544}