{"duration": 0.14896440505981445, "input_args": {"term": "'meras'"}, "time": 1767866552.75633}