{"duration": 2.4173293113708496, "input_args": {"term": "'brani'"}, "time": 1767866611.5103056}