{"duration": 0.03796195983886719, "input_args": {"term": "'taman'"}, "time": 1767866542.6951244}