{"duration": 0.10124993324279785, "input_args": {"term": "'membedakan'"}, "time": 1767866620.8951867}