{"duration": 0.01827383041381836, "input_args": {"term": "'malas'"}, "time": 1767866609.8099835}