{"duration": 1.3574886322021484, "input_args": {"term": "'haruse'"}, "time": 1767866541.5551171}