{"duration": 0.17197060585021973, "input_args": {"term": "'memunculkan'"}, "time": 1767866572.7257845}