{"duration": 1.3571903705596924, "input_args": {"term": "'beat'"}, "time": 1767866587.691274}