{"duration": 0.6911716461181641, "input_args": {"term": "'apbd'"}, "time": 1767866554.8607197}