{"duration": 0.04643082618713379, "input_args": {"term": "'rw'"}, "time": 1767866609.6475842}