{"duration": 0.03342485427856445, "input_args": {"term": "'sing'"}, "time": 1767866523.8269181}