{"duration": 0.022420167922973633, "input_args": {"term": "'ulun'"}, "time": 1767866617.7375567}