{"duration": 0.017741918563842773, "input_args": {"term": "'terus'"}, "time": 1767866528.4527557}