{"duration": 0.02894306182861328, "input_args": {"term": "'ratu'"}, "time": 1767866585.6319208}