{"duration": 1.2908198833465576, "input_args": {"term": "'rakjat'"}, "time": 1767866559.1380768}