{"duration": 1.0679113864898682, "input_args": {"term": "'menangani'"}, "time": 1767866571.278111}