{"duration": 1.305687665939331, "input_args": {"term": "'mahalklo'"}, "time": 1767866557.242912}