{"duration": 0.021440982818603516, "input_args": {"term": "'miring'"}, "time": 1767866513.1913147}