{"duration": 0.6907691955566406, "input_args": {"term": "'aloh'"}, "time": 1767866503.3578327}