{"duration": 2.674793004989624, "input_args": {"term": "'kartini'"}, "time": 1767866553.650666}