{"duration": 1.2751293182373047, "input_args": {"term": "'iregularities'"}, "time": 1767866508.2454312}