{"duration": 0.024685382843017578, "input_args": {"term": "'perbuatan'"}, "time": 1767866501.7149591}