{"duration": 1.2540993690490723, "input_args": {"term": "'jobdesk'"}, "time": 1767866532.4511495}