{"duration": 0.2504842281341553, "input_args": {"term": "'pemangku'"}, "time": 1767866621.1317625}