{"duration": 0.01965188980102539, "input_args": {"term": "'keruk'"}, "time": 1767866506.598868}