{"duration": 0.019463539123535156, "input_args": {"term": "'boneka'"}, "time": 1767866573.0450356}