{"duration": 1.158376693725586, "input_args": {"term": "'sirumah'"}, "time": 1767866601.1529074}