{"duration": 1.3259484767913818, "input_args": {"term": "'bsok'"}, "time": 1767866624.9169354}