{"duration": 0.033167362213134766, "input_args": {"term": "'prestasi'"}, "time": 1767866602.1764433}