{"duration": 0.02644944190979004, "input_args": {"term": "'warga'"}, "time": 1767866576.5343451}