{"duration": 0.004256725311279297, "input_args": {"term": "'putra'"}, "time": 1767866500.2748039}