{"duration": 0.050963640213012695, "input_args": {"term": "'berduit'"}, "time": 1767866563.0497408}