{"duration": 0.031316518783569336, "input_args": {"term": "'percuma'"}, "time": 1767866519.9953089}