{"duration": 1.1566581726074219, "input_args": {"term": "'napa'"}, "time": 1767866509.5739374}