{"duration": 0.04804182052612305, "input_args": {"term": "'dibelanjakan'"}, "time": 1767866568.0978634}