{"duration": 1.396294116973877, "input_args": {"term": "'subhanahu'"}, "time": 1767866571.8147998}