{"duration": 1.2716007232666016, "input_args": {"term": "'these'"}, "time": 1767866582.707283}