{"duration": 0.04249286651611328, "input_args": {"term": "'pentingnya'"}, "time": 1767866509.4546642}