{"duration": 0.10304594039916992, "input_args": {"term": "'tertutup'"}, "time": 1767866561.8766243}