{"duration": 1.172327995300293, "input_args": {"term": "'rakyatmereka'"}, "time": 1767866608.1448119}