{"duration": 0.028284072875976562, "input_args": {"term": "'mengagalkan'"}, "time": 1767866502.2635975}