{"duration": 2.414909601211548, "input_args": {"term": "'palodaran'"}, "time": 1767866609.6783428}