{"duration": 1.3769633769989014, "input_args": {"term": "'hadeu'"}, "time": 1767866553.4877381}