{"duration": 1.0255649089813232, "input_args": {"term": "'menguasai'"}, "time": 1767866589.2208896}