{"duration": 1.1004588603973389, "input_args": {"term": "'ngalierkn'"}, "time": 1767866614.4132578}