{"duration": 0.1563725471496582, "input_args": {"term": "'deal'"}, "time": 1767866500.8428476}