{"duration": 1.334458827972412, "input_args": {"term": "'demul'"}, "time": 1767866572.8208482}