{"duration": 1.0804336071014404, "input_args": {"term": "'wkwkw'"}, "time": 1767866513.572847}