{"duration": 0.05019497871398926, "input_args": {"term": "'tuduhan'"}, "time": 1767866515.7442853}