{"duration": 0.09376835823059082, "input_args": {"term": "'tertagih'"}, "time": 1767866623.4903371}