{"duration": 0.04226398468017578, "input_args": {"term": "'kebawah'"}, "time": 1767866533.1930897}