{"duration": 0.023486614227294922, "input_args": {"term": "'sentosa'"}, "time": 1767866560.814177}