{"duration": 0.14396405220031738, "input_args": {"term": "'menjadi'"}, "time": 1767866547.8360667}