{"duration": 0.15227532386779785, "input_args": {"term": "'memberkati'"}, "time": 1767866587.2535439}