{"duration": 0.20462536811828613, "input_args": {"term": "'mingu'"}, "time": 1767866500.606834}