{"duration": 0.01911330223083496, "input_args": {"term": "'melimpah'"}, "time": 1767866502.191679}