{"duration": 0.040000200271606445, "input_args": {"term": "'diberikan'"}, "time": 1767866572.5189397}