{"duration": 0.027207612991333008, "input_args": {"term": "'jangka'"}, "time": 1767866629.3902001}