{"duration": 0.8449497222900391, "input_args": {"term": "'kingdom'"}, "time": 1767866534.232672}