{"duration": 1.043832778930664, "input_args": {"term": "'nyuru'"}, "time": 1767866621.1344428}