{"duration": 0.3063180446624756, "input_args": {"term": "'parpol'"}, "time": 1767866502.931626}