{"duration": 2.6420774459838867, "input_args": {"term": "'mksdnya'"}, "time": 1767866602.8259706}