{"duration": 0.03155970573425293, "input_args": {"term": "'sepak'"}, "time": 1767866591.9943495}