{"duration": 0.03465580940246582, "input_args": {"term": "'bukanya'"}, "time": 1767866596.5634625}