{"duration": 0.1365044116973877, "input_args": {"term": "'menkeudana'"}, "time": 1767866502.2509491}