{"duration": 0.9541456699371338, "input_args": {"term": "'terjadirakyat'"}, "time": 1767866591.951114}