{"duration": 1.7467200756072998, "input_args": {"term": "'kesalahpahaman'"}, "time": 1767866572.9957318}