{"duration": 0.9183206558227539, "input_args": {"term": "'duitnyasgera'"}, "time": 1767866629.8900692}