{"duration": 0.01785111427307129, "input_args": {"term": "'kuliah'"}, "time": 1767866630.020839}