{"duration": 0.11610531806945801, "input_args": {"term": "'terbaik'"}, "time": 1767866515.371349}