{"duration": 1.228501558303833, "input_args": {"term": "'cuekin'"}, "time": 1767866610.8643978}