{"duration": 0.16148614883422852, "input_args": {"term": "'mendadak'"}, "time": 1767866623.1435106}