{"duration": 0.9679901599884033, "input_args": {"term": "'berinteraksi'"}, "time": 1767866571.4314656}