{"duration": 1.0333802700042725, "input_args": {"term": "'orangvluar'"}, "time": 1767866620.468878}