{"duration": 1.4688847064971924, "input_args": {"term": "'itubdia'"}, "time": 1767866572.5899975}