{"duration": 0.0844113826751709, "input_args": {"term": "'berniat'"}, "time": 1767866529.453895}