{"duration": 0.05356454849243164, "input_args": {"term": "'sdm'"}, "time": 1767866618.3754992}