{"duration": 0.1375894546508789, "input_args": {"term": "'menjelajah'"}, "time": 1767866628.7565112}