{"duration": 0.05660820007324219, "input_args": {"term": "'disalurkan'"}, "time": 1767866611.5387194}