{"duration": 1.086287498474121, "input_args": {"term": "'they'"}, "time": 1767866629.3396323}