{"duration": 0.021358251571655273, "input_args": {"term": "'das'"}, "time": 1767866565.3921645}