{"duration": 1.2743241786956787, "input_args": {"term": "'proceses'"}, "time": 1767866624.6966352}