{"duration": 0.05393505096435547, "input_args": {"term": "'an'"}, "time": 1767866607.153917}