{"duration": 0.12038087844848633, "input_args": {"term": "'link'"}, "time": 1767866501.5972307}