{"duration": 0.06622195243835449, "input_args": {"term": "'berlatar'"}, "time": 1767866577.2633052}