{"duration": 1.3087027072906494, "input_args": {"term": "'inflation'"}, "time": 1767866527.3221436}