{"duration": 1.2484958171844482, "input_args": {"term": "'verify'"}, "time": 1767866606.2065055}