{"duration": 1.2158422470092773, "input_args": {"term": "'negoro'"}, "time": 1767866515.36883}