{"duration": 0.03632211685180664, "input_args": {"term": "'bapaknya'"}, "time": 1767866607.201125}