{"duration": 0.028137922286987305, "input_args": {"term": "'gila'"}, "time": 1767866593.425605}