{"duration": 0.021822214126586914, "input_args": {"term": "'bantah'"}, "time": 1767866552.4350986}