{"duration": 0.02678537368774414, "input_args": {"term": "'jamin'"}, "time": 1767866507.858567}