{"duration": 0.10503840446472168, "input_args": {"term": "'terlihat'"}, "time": 1767866527.677973}