{"duration": 0.03392291069030762, "input_args": {"term": "'pita'"}, "time": 1767866606.2439137}