{"duration": 0.0488123893737793, "input_args": {"term": "'dialihkan'"}, "time": 1767866553.1685724}