{"duration": 0.11259126663208008, "input_args": {"term": "'nyalahin'"}, "time": 1767866501.2037835}