{"duration": 1.2445414066314697, "input_args": {"term": "'ngendap'"}, "time": 1767866547.7544954}