{"duration": 0.07897663116455078, "input_args": {"term": "'berjasa'"}, "time": 1767866605.9108598}