{"duration": 0.015319585800170898, "input_args": {"term": "'keluarga'"}, "time": 1767866528.505179}