{"duration": 1.5088493824005127, "input_args": {"term": "'benerin'"}, "time": 1767866579.0981884}