{"duration": 0.019808292388916016, "input_args": {"term": "'gotong'"}, "time": 1767866516.639696}