{"duration": 0.022242069244384766, "input_args": {"term": "'sekarang'"}, "time": 1767866524.796246}