{"duration": 0.015428543090820312, "input_args": {"term": "'simpan'"}, "time": 1767866625.6394331}