{"duration": 1.1963579654693604, "input_args": {"term": "'angara'"}, "time": 1767866530.649205}