{"duration": 1.2879583835601807, "input_args": {"term": "'ilfil'"}, "time": 1767866549.11703}