{"duration": 0.9863555431365967, "input_args": {"term": "'oalaf'"}, "time": 1767866619.5852625}