{"duration": 0.6708378791809082, "input_args": {"term": "'digejrot'"}, "time": 1767866619.174262}