{"duration": 0.03053760528564453, "input_args": {"term": "'warung'"}, "time": 1767866563.6202345}