{"duration": 0.024732112884521484, "input_args": {"term": "'perangkat'"}, "time": 1767866625.2911878}