{"duration": 0.4278523921966553, "input_args": {"term": "'keberpihakan'"}, "time": 1767866563.1263196}