{"duration": 1.2478671073913574, "input_args": {"term": "'dandles'"}, "time": 1767866547.2733004}