{"duration": 1.2712526321411133, "input_args": {"term": "'timothy'"}, "time": 1767866511.3950317}