{"duration": 0.043303728103637695, "input_args": {"term": "'gajinya'"}, "time": 1767866508.7941403}