{"duration": 0.06151890754699707, "input_args": {"term": "'dpr'"}, "time": 1767866573.9698238}