{"duration": 0.05993390083312988, "input_args": {"term": "'kebiasan'"}, "time": 1767866516.237286}