{"duration": 0.037337541580200195, "input_args": {"term": "'sehat'"}, "time": 1767866575.1421633}