{"duration": 0.3558475971221924, "input_args": {"term": "'berdiri'"}, "time": 1767866555.3947747}