{"duration": 0.9668083190917969, "input_args": {"term": "'bjir'"}, "time": 1767866528.6610298}