{"duration": 0.017279624938964844, "input_args": {"term": "'cepat'"}, "time": 1767866580.5976777}