{"duration": 0.022350311279296875, "input_args": {"term": "'gurau'"}, "time": 1767866547.3122308}