{"duration": 0.022737979888916016, "input_args": {"term": "'idealisme'"}, "time": 1767866567.190548}