{"duration": 1.2319602966308594, "input_args": {"term": "'pajero'"}, "time": 1767866617.1307776}