{"duration": 0.05188608169555664, "input_args": {"term": "'masuknya'"}, "time": 1767866553.204117}