{"duration": 0.0245211124420166, "input_args": {"term": "'musuh'"}, "time": 1767866579.3804603}