{"duration": 0.03361058235168457, "input_args": {"term": "'punya'"}, "time": 1767866569.2902954}