{"duration": 0.03267979621887207, "input_args": {"term": "'biadab'"}, "time": 1767866536.928096}