{"duration": 0.42841649055480957, "input_args": {"term": "'bersinergi'"}, "time": 1767866512.0866797}