{"duration": 0.01864480972290039, "input_args": {"term": "'korupsi'"}, "time": 1767866621.3426926}