{"duration": 0.030482769012451172, "input_args": {"term": "'kebakaran'"}, "time": 1767866549.6557977}