{"duration": 1.190150260925293, "input_args": {"term": "'truz'"}, "time": 1767866547.8192441}