{"duration": 1.1697874069213867, "input_args": {"term": "'tingindonesia'"}, "time": 1767866596.4439921}