{"duration": 1.7353408336639404, "input_args": {"term": "'omonganya'"}, "time": 1767866535.421369}