{"duration": 0.052576303482055664, "input_args": {"term": "'jurusan'"}, "time": 1767866551.400096}