{"duration": 0.023188114166259766, "input_args": {"term": "'sarang'"}, "time": 1767866552.4716413}