{"duration": 0.07422637939453125, "input_args": {"term": "'ai'"}, "time": 1767866570.3706362}