{"duration": 0.026070833206176758, "input_args": {"term": "'hujat'"}, "time": 1767866517.3064015}