{"duration": 0.007005214691162109, "input_args": {"term": "'situasi'"}, "time": 1767866500.2547576}