{"duration": 0.028412580490112305, "input_args": {"term": "'receh'"}, "time": 1767866608.697057}