{"duration": 0.04770493507385254, "input_args": {"term": "'sebenar'"}, "time": 1767866523.418307}