{"duration": 0.022910594940185547, "input_args": {"term": "'biang'"}, "time": 1767866622.5726495}