{"duration": 0.06249690055847168, "input_args": {"term": "'kon'"}, "time": 1767866604.6356957}