{"duration": 1.402942419052124, "input_args": {"term": "'haja'"}, "time": 1767866579.849141}