{"duration": 0.029667139053344727, "input_args": {"term": "'sengaja'"}, "time": 1767866605.1021888}