{"duration": 1.3442437648773193, "input_args": {"term": "'smbil'"}, "time": 1767866522.2823396}