{"duration": 0.029314279556274414, "input_args": {"term": "'cairkan'"}, "time": 1767866629.7747376}