{"duration": 1.172133207321167, "input_args": {"term": "'mengemban'"}, "time": 1767866616.1746397}