{"duration": 0.03517484664916992, "input_args": {"term": "'lumayan'"}, "time": 1767866576.956347}