{"duration": 0.0340268611907959, "input_args": {"term": "'ha'"}, "time": 1767866549.4332514}