{"duration": 0.05333447456359863, "input_args": {"term": "'sekedar'"}, "time": 1767866592.9173617}