{"duration": 0.04226398468017578, "input_args": {"term": "'bikin'"}, "time": 1767866513.107078}