{"duration": 0.019800901412963867, "input_args": {"term": "'pertama'"}, "time": 1767866506.1744206}