{"duration": 1.1979482173919678, "input_args": {"term": "'track'"}, "time": 1767866574.3436072}