{"duration": 1.0055124759674072, "input_args": {"term": "'line'"}, "time": 1767866505.9336083}