{"duration": 1.094236135482788, "input_args": {"term": "'purb'"}, "time": 1767866513.9574153}