{"duration": 0.020046472549438477, "input_args": {"term": "'positif'"}, "time": 1767866528.3801262}