{"duration": 0.04443192481994629, "input_args": {"term": "'vaksin'"}, "time": 1767866522.2928967}