{"duration": 1.2849280834197998, "input_args": {"term": "'sihrakyat'"}, "time": 1767866516.0658913}