{"duration": 0.039412498474121094, "input_args": {"term": "'haknya'"}, "time": 1767866587.7835536}