{"duration": 1.514289379119873, "input_args": {"term": "'sregkalau'"}, "time": 1767866579.3032918}