{"duration": 0.018090009689331055, "input_args": {"term": "'bangsa'"}, "time": 1767866503.1193419}