{"duration": 0.01856231689453125, "input_args": {"term": "'bawa'"}, "time": 1767866514.577493}