{"duration": 0.05319976806640625, "input_args": {"term": "'diambil'"}, "time": 1767866504.3981073}