{"duration": 0.027546167373657227, "input_args": {"term": "'partai'"}, "time": 1767866591.1900556}