{"duration": 0.11801338195800781, "input_args": {"term": "'tergantung'"}, "time": 1767866622.74978}