{"duration": 0.01944756507873535, "input_args": {"term": "'kabar'"}, "time": 1767866596.5788455}