{"duration": 1.6931729316711426, "input_args": {"term": "'maugas'"}, "time": 1767866575.7222536}