{"duration": 1.0568325519561768, "input_args": {"term": "'fiscal'"}, "time": 1767866533.6541162}