{"duration": 0.8233075141906738, "input_args": {"term": "'dijuluki'"}, "time": 1767866533.3122501}