{"duration": 1.6945042610168457, "input_args": {"term": "'jinawi'"}, "time": 1767866611.5784733}