{"duration": 0.025243282318115234, "input_args": {"term": "'soal'"}, "time": 1767866588.0776458}