{"duration": 0.026866674423217773, "input_args": {"term": "'sering'"}, "time": 1767866520.636027}