{"duration": 1.3411989212036133, "input_args": {"term": "'ending'"}, "time": 1767866593.1445515}