{"duration": 0.0029973983764648438, "input_args": {"term": "'ambles'"}, "time": 1767866502.0092545}