{"duration": 0.02360844612121582, "input_args": {"term": "'tabung'"}, "time": 1767866513.891889}