{"duration": 0.05493617057800293, "input_args": {"term": "'spy'"}, "time": 1767866612.24643}