{"duration": 0.0627279281616211, "input_args": {"term": "'ki'"}, "time": 1767866567.7463186}