{"duration": 1.4333934783935547, "input_args": {"term": "'joko'"}, "time": 1767866576.3875291}