{"duration": 1.1094927787780762, "input_args": {"term": "'paknetizen'"}, "time": 1767866504.3362935}