{"duration": 2.3782083988189697, "input_args": {"term": "'pdahi'"}, "time": 1767866538.4053075}