{"duration": 0.042673349380493164, "input_args": {"term": "'kehidupan'"}, "time": 1767866589.9597225}