{"duration": 0.03977489471435547, "input_args": {"term": "'silakan'"}, "time": 1767866577.5978487}