{"duration": 2.4920763969421387, "input_args": {"term": "'ctvnya'"}, "time": 1767866596.599193}