{"duration": 0.8932492733001709, "input_args": {"term": "'sederhanagaul'"}, "time": 1767866527.2469127}