{"duration": 1.0134975910186768, "input_args": {"term": "'sukarno'"}, "time": 1767866566.2281933}