{"duration": 2.4549615383148193, "input_args": {"term": "'jamanya'"}, "time": 1767866549.2220306}