{"duration": 0.42341017723083496, "input_args": {"term": "'penyamun'"}, "time": 1767866591.989768}