{"duration": 0.023098230361938477, "input_args": {"term": "'seia'"}, "time": 1767866618.1998022}