{"duration": 0.028007030487060547, "input_args": {"term": "'rela'"}, "time": 1767866538.5068636}