{"duration": 0.021697521209716797, "input_args": {"term": "'efek'"}, "time": 1767866582.4620693}