{"duration": 1.5479905605316162, "input_args": {"term": "'geura'"}, "time": 1767866579.2275968}