{"duration": 0.21597647666931152, "input_args": {"term": "'kementrianmu'"}, "time": 1767866577.4381099}