{"duration": 0.02579045295715332, "input_args": {"term": "'mau'"}, "time": 1767866583.2584767}