{"duration": 0.026834726333618164, "input_args": {"term": "'seragam'"}, "time": 1767866617.4126859}