{"duration": 1.088160753250122, "input_args": {"term": "'nantangin'"}, "time": 1767866544.9663942}