{"duration": 0.0299532413482666, "input_args": {"term": "'helikopter'"}, "time": 1767866580.289114}