{"duration": 1.0353856086730957, "input_args": {"term": "'luarbiasa'"}, "time": 1767866620.67517}