{"duration": 0.8518106937408447, "input_args": {"term": "'melindungi'"}, "time": 1767866624.200039}