{"duration": 0.05060291290283203, "input_args": {"term": "'des'"}, "time": 1767866606.7506273}