{"duration": 0.028636693954467773, "input_args": {"term": "'pajak'"}, "time": 1767866614.4324434}