{"duration": 0.009559154510498047, "input_args": {"term": "'mul'"}, "time": 1767866500.3979905}