{"duration": 0.30682873725891113, "input_args": {"term": "'pengusaha'"}, "time": 1767866616.6360164}