{"duration": 0.01642155647277832, "input_args": {"term": "'diklarifikasi'"}, "time": 1767866502.7783046}