{"duration": 0.030791282653808594, "input_args": {"term": "'konsep'"}, "time": 1767866556.8575685}