{"duration": 0.021886110305786133, "input_args": {"term": "'mu'"}, "time": 1767866523.2397275}