{"duration": 0.020602703094482422, "input_args": {"term": "'kali'"}, "time": 1767866630.1128497}