{"duration": 0.12972283363342285, "input_args": {"term": "'melangkah'"}, "time": 1767866613.228119}