{"duration": 0.1894545555114746, "input_args": {"term": "'minjem'"}, "time": 1767866502.4322774}