{"duration": 0.02831435203552246, "input_args": {"term": "'kampung'"}, "time": 1767866591.9310367}