{"duration": 2.3770318031311035, "input_args": {"term": "'nongkrongnya'"}, "time": 1767866509.4194021}