{"duration": 0.10850858688354492, "input_args": {"term": "'terealisasikan'"}, "time": 1767866543.5487652}