{"duration": 0.013433694839477539, "input_args": {"term": "'arah'"}, "time": 1767866580.832155}