{"duration": 0.028726816177368164, "input_args": {"term": "'santai'"}, "time": 1767866546.585659}