{"duration": 0.007117271423339844, "input_args": {"term": "'kondisi'"}, "time": 1767866502.6218932}