{"duration": 0.0373227596282959, "input_args": {"term": "'nasional'"}, "time": 1767866628.5506482}