{"duration": 0.008790731430053711, "input_args": {"term": "'imf'"}, "time": 1767866501.1135755}