{"duration": 0.0633387565612793, "input_args": {"term": "'sim'"}, "time": 1767866584.6661482}