{"duration": 0.03098154067993164, "input_args": {"term": "'terjang'"}, "time": 1767866586.6771443}