{"duration": 0.013475894927978516, "input_args": {"term": "'dong'"}, "time": 1767866531.2449355}