{"duration": 0.022216796875, "input_args": {"term": "'penting'"}, "time": 1767866543.9612823}