{"duration": 0.02512383460998535, "input_args": {"term": "'bapak'"}, "time": 1767866570.1334033}