{"duration": 2.373566150665283, "input_args": {"term": "'jeniusmakanya'"}, "time": 1767866541.6980603}