{"duration": 0.06458830833435059, "input_args": {"term": "'yoy'"}, "time": 1767866577.1496642}