{"duration": 0.02391362190246582, "input_args": {"term": "'tengok'"}, "time": 1767866534.1926994}