{"duration": 0.0503392219543457, "input_args": {"term": "'kga'"}, "time": 1767866515.4039397}