{"duration": 1.4365284442901611, "input_args": {"term": "'ordal'"}, "time": 1767866572.8249986}