{"duration": 2.81052303314209, "input_args": {"term": "'mencedaskan'"}, "time": 1767866608.0234082}