{"duration": 0.016485929489135742, "input_args": {"term": "'berapa'"}, "time": 1767866509.159041}