{"duration": 0.019004344940185547, "input_args": {"term": "'negatif'"}, "time": 1767866577.7776763}