{"duration": 0.022298812866210938, "input_args": {"term": "'selesai'"}, "time": 1767866518.1052203}