{"duration": 0.005303621292114258, "input_args": {"term": "'batasi'"}, "time": 1767866502.5208306}