{"duration": 0.011170387268066406, "input_args": {"term": "'dosa'"}, "time": 1767866554.7673814}