{"duration": 0.04847097396850586, "input_args": {"term": "'bg'"}, "time": 1767866530.3523972}