{"duration": 0.04322409629821777, "input_args": {"term": "'berdampak'"}, "time": 1767866533.5546973}