{"duration": 1.0551035404205322, "input_args": {"term": "'banjarbaru'"}, "time": 1767866520.2737534}