{"duration": 0.02785801887512207, "input_args": {"term": "'raja'"}, "time": 1767866588.6620517}