{"duration": 0.038555145263671875, "input_args": {"term": "'kebongkar'"}, "time": 1767866540.9598289}