{"duration": 1.3571252822875977, "input_args": {"term": "'reshufle'"}, "time": 1767866517.1584115}