{"duration": 0.020549297332763672, "input_args": {"term": "'polisi'"}, "time": 1767866597.3326633}