{"duration": 0.039533376693725586, "input_args": {"term": "'siapakah'"}, "time": 1767866607.1697834}