{"duration": 1.2958483695983887, "input_args": {"term": "'ribed'"}, "time": 1767866622.7695594}