{"duration": 0.03979349136352539, "input_args": {"term": "'percayalah'"}, "time": 1767866573.8670816}