{"duration": 0.033156394958496094, "input_args": {"term": "'maksud'"}, "time": 1767866547.05948}