{"duration": 0.022555112838745117, "input_args": {"term": "'akhir'"}, "time": 1767866536.4706354}