{"duration": 0.045943498611450195, "input_args": {"term": "'tangani'"}, "time": 1767866569.3362937}