{"duration": 0.02494192123413086, "input_args": {"term": "'becuk'"}, "time": 1767866588.0493915}