{"duration": 0.2030792236328125, "input_args": {"term": "'menghambat'"}, "time": 1767866617.3364983}