{"duration": 0.030919551849365234, "input_args": {"term": "'bi'"}, "time": 1767866554.5935912}