{"duration": 0.005759716033935547, "input_args": {"term": "'cv'"}, "time": 1767866501.1242838}