{"duration": 0.026927471160888672, "input_args": {"term": "'kasusnya'"}, "time": 1767866566.4696589}