{"duration": 0.014258861541748047, "input_args": {"term": "'kejar'"}, "time": 1767866562.2360342}