{"duration": 0.0267026424407959, "input_args": {"term": "'kok'"}, "time": 1767866517.881303}