{"duration": 0.0369410514831543, "input_args": {"term": "'apanya'"}, "time": 1767866511.1297143}