{"duration": 0.021076440811157227, "input_args": {"term": "'sosial'"}, "time": 1767866624.4765284}