{"duration": 0.7974340915679932, "input_args": {"term": "'berhenti'"}, "time": 1767866550.3618376}