{"duration": 1.2612969875335693, "input_args": {"term": "'kasbon'"}, "time": 1767866582.938822}