{"duration": 0.02103710174560547, "input_args": {"term": "'pajaknya'"}, "time": 1767866554.5121746}