{"duration": 1.3566946983337402, "input_args": {"term": "'comitment'"}, "time": 1767866517.3666484}