{"duration": 1.3244552612304688, "input_args": {"term": "'gentle'"}, "time": 1767866603.7132654}