{"duration": 0.03596043586730957, "input_args": {"term": "'jabatan'"}, "time": 1767866546.2995365}