{"duration": 0.13161182403564453, "input_args": {"term": "'melakukan'"}, "time": 1767866603.0340095}