{"duration": 0.0285797119140625, "input_args": {"term": "'runcing'"}, "time": 1767866594.8289495}