{"duration": 0.05417966842651367, "input_args": {"term": "'ups'"}, "time": 1767866560.243686}