{"duration": 1.1980981826782227, "input_args": {"term": "'rakyatnyamungkin'"}, "time": 1767866613.1483226}