{"duration": 0.027440309524536133, "input_args": {"term": "'perwira'"}, "time": 1767866593.4580648}