{"duration": 1.465491533279419, "input_args": {"term": "'madur'"}, "time": 1767866564.7456288}