{"duration": 0.7583215236663818, "input_args": {"term": "'diadili'"}, "time": 1767866623.2771063}