{"duration": 1.2611374855041504, "input_args": {"term": "'qolbu'"}, "time": 1767866549.3354962}