{"duration": 0.03072333335876465, "input_args": {"term": "'ikutan'"}, "time": 1767866502.9111476}