{"duration": 0.8611960411071777, "input_args": {"term": "'mulucek'"}, "time": 1767866503.6959028}