{"duration": 0.04930281639099121, "input_args": {"term": "'takutnya'"}, "time": 1767866591.6500707}