{"duration": 0.018164396286010742, "input_args": {"term": "'rentenir'"}, "time": 1767866561.918022}