{"duration": 0.1365966796875, "input_args": {"term": "'membuka'"}, "time": 1767866538.4034815}