{"duration": 0.2658195495605469, "input_args": {"term": "'memperdaya'"}, "time": 1767866519.749075}