{"duration": 0.04490017890930176, "input_args": {"term": "'minya'"}, "time": 1767866557.2716331}