{"duration": 0.0368657112121582, "input_args": {"term": "'rumus'"}, "time": 1767866564.3436549}