{"duration": 0.06203436851501465, "input_args": {"term": "'berputar'"}, "time": 1767866580.5810091}