{"duration": 1.570734977722168, "input_args": {"term": "'pekerjan'"}, "time": 1767866508.9673777}