{"duration": 1.0921635627746582, "input_args": {"term": "'bakn'"}, "time": 1767866614.5464575}