{"duration": 1.45137357711792, "input_args": {"term": "'dripda'"}, "time": 1767866543.1252856}