{"duration": 0.0981283187866211, "input_args": {"term": "'segitu'"}, "time": 1767866501.6803405}