{"duration": 1.0661613941192627, "input_args": {"term": "'macetin'"}, "time": 1767866519.5263798}