{"duration": 0.17074918746948242, "input_args": {"term": "'menghadapinya'"}, "time": 1767866518.4592597}