{"duration": 1.2083911895751953, "input_args": {"term": "'premiumpasar'"}, "time": 1767866537.269098}