{"duration": 0.9860327243804932, "input_args": {"term": "'mencla'"}, "time": 1767866622.7955437}