{"duration": 1.2770466804504395, "input_args": {"term": "'improve'"}, "time": 1767866615.906954}