{"duration": 0.009276628494262695, "input_args": {"term": "'swt'"}, "time": 1767866500.8639727}