{"duration": 0.253084659576416, "input_args": {"term": "'penganguran'"}, "time": 1767866502.1566224}