{"duration": 0.02124476432800293, "input_args": {"term": "'sukses'"}, "time": 1767866597.2996879}