{"duration": 0.037918806076049805, "input_args": {"term": "'ganti'"}, "time": 1767866538.7551947}