{"duration": 0.05090212821960449, "input_args": {"term": "'h'"}, "time": 1767866534.1531518}