{"duration": 0.01653885841369629, "input_args": {"term": "'investasi'"}, "time": 1767866530.3551347}