{"duration": 0.019641399383544922, "input_args": {"term": "'dana'"}, "time": 1767866617.7689257}