{"duration": 0.03386497497558594, "input_args": {"term": "'slu'"}, "time": 1767866618.4839346}