{"duration": 0.024843454360961914, "input_args": {"term": "'keladi'"}, "time": 1767866626.6275945}