{"duration": 1.151540756225586, "input_args": {"term": "'analisa'"}, "time": 1767866556.7554028}