{"duration": 1.559262990951538, "input_args": {"term": "'penghisap'"}, "time": 1767866575.7166412}