{"duration": 0.017901897430419922, "input_args": {"term": "'begini'"}, "time": 1767866629.3144646}