{"duration": 0.026113510131835938, "input_args": {"term": "'bonus'"}, "time": 1767866599.2473345}