{"duration": 0.038030147552490234, "input_args": {"term": "'e'"}, "time": 1767866629.8660069}