{"duration": 0.030360698699951172, "input_args": {"term": "'tala'"}, "time": 1767866613.5766199}