{"duration": 0.01706218719482422, "input_args": {"term": "'keblinger'"}, "time": 1767866615.5740259}