{"duration": 0.887948751449585, "input_args": {"term": "'distarbucksmales'"}, "time": 1767866551.9903314}