{"duration": 0.0014891624450683594, "input_args": {"term": "'buru'"}, "time": 1767866501.4631917}