{"duration": 0.0308077335357666, "input_args": {"term": "'riset'"}, "time": 1767866525.4734533}