{"duration": 1.3754756450653076, "input_args": {"term": "'sumitro'"}, "time": 1767866605.2436821}