{"duration": 0.004207611083984375, "input_args": {"term": "'orde'"}, "time": 1767866501.0722477}