{"duration": 1.2445695400238037, "input_args": {"term": "'malakin'"}, "time": 1767866559.128441}