{"duration": 0.020226240158081055, "input_args": {"term": "'lahir'"}, "time": 1767866511.4051206}