{"duration": 0.06635093688964844, "input_args": {"term": "'gji'"}, "time": 1767866558.1137056}