{"duration": 0.03706002235412598, "input_args": {"term": "'caranya'"}, "time": 1767866581.7824821}