{"duration": 0.5280990600585938, "input_args": {"term": "'blbi'"}, "time": 1767866502.8928509}