{"duration": 0.02221202850341797, "input_args": {"term": "'tiarap'"}, "time": 1767866562.6905859}