{"duration": 1.2488994598388672, "input_args": {"term": "'ngumpulin'"}, "time": 1767866569.5359986}