{"duration": 0.0494992733001709, "input_args": {"term": "'dihadapkan'"}, "time": 1767866592.2544234}