{"duration": 0.023033857345581055, "input_args": {"term": "'dramanya'"}, "time": 1767866555.6044488}