{"duration": 2.7765004634857178, "input_args": {"term": "'nyatapi'"}, "time": 1767866526.6135616}