{"duration": 1.2923486232757568, "input_args": {"term": "'banga'"}, "time": 1767866549.0834608}