{"duration": 1.4736127853393555, "input_args": {"term": "'kesaktianya'"}, "time": 1767866507.5659363}