{"duration": 0.03815340995788574, "input_args": {"term": "'dikritik'"}, "time": 1767866618.1000626}