{"duration": 0.028621435165405273, "input_args": {"term": "'ikatan'"}, "time": 1767866625.5157359}