{"duration": 0.0209958553314209, "input_args": {"term": "'lokal'"}, "time": 1767866596.765443}