{"duration": 1.3392412662506104, "input_args": {"term": "'depositoin'"}, "time": 1767866599.668134}