{"duration": 1.4168496131896973, "input_args": {"term": "'tantrum'"}, "time": 1767866585.6662307}