{"duration": 0.019554615020751953, "input_args": {"term": "'deh'"}, "time": 1767866582.8107033}