{"duration": 0.033772945404052734, "input_args": {"term": "'ternak'"}, "time": 1767866534.742028}