{"duration": 0.01545405387878418, "input_args": {"term": "'belanja'"}, "time": 1767866539.2755783}