{"duration": 0.020486831665039062, "input_args": {"term": "'maha'"}, "time": 1767866599.5737617}