{"duration": 0.04353046417236328, "input_args": {"term": "'ikuti'"}, "time": 1767866536.2139723}