{"duration": 2.546976089477539, "input_args": {"term": "'nglindungi'"}, "time": 1767866592.7626162}