{"duration": 0.017388105392456055, "input_args": {"term": "'bubur'"}, "time": 1767866509.2293887}