{"duration": 0.03542757034301758, "input_args": {"term": "'sir'"}, "time": 1767866567.6323204}