{"duration": 0.02861952781677246, "input_args": {"term": "'mars'"}, "time": 1767866509.6590385}