{"duration": 0.7044215202331543, "input_args": {"term": "'kebanyakan'"}, "time": 1767866506.691568}