{"duration": 0.029039859771728516, "input_args": {"term": "'intuitif'"}, "time": 1767866549.8967175}