{"duration": 0.26213979721069336, "input_args": {"term": "'kureng'"}, "time": 1767866554.5123792}