{"duration": 0.04125499725341797, "input_args": {"term": "'teruskan'"}, "time": 1767866590.0839307}