{"duration": 1.2922368049621582, "input_args": {"term": "'perkembanganya'"}, "time": 1767866539.6005318}