{"duration": 4.13264799118042, "input_args": {"term": "'biacukan'"}, "time": 1767866580.1874514}