{"duration": 0.014657020568847656, "input_args": {"term": "'mena'"}, "time": 1767866535.3864803}