{"duration": 0.01865673065185547, "input_args": {"term": "'hero'"}, "time": 1767866526.5120902}