{"duration": 2.623765230178833, "input_args": {"term": "'basicnya'"}, "time": 1767866588.1876788}