{"duration": 1.0513906478881836, "input_args": {"term": "'ruwed'"}, "time": 1767866528.4040387}