{"duration": 1.2296926975250244, "input_args": {"term": "'pentingbuktinta'"}, "time": 1767866517.61721}