{"duration": 0.043411970138549805, "input_args": {"term": "'garis'"}, "time": 1767866529.7506883}