{"duration": 0.017383098602294922, "input_args": {"term": "'libur'"}, "time": 1767866577.6670814}