{"duration": 0.052590131759643555, "input_args": {"term": "'sma'"}, "time": 1767866614.2623675}