{"duration": 0.047992706298828125, "input_args": {"term": "'beraktivitas'"}, "time": 1767866605.1888335}