{"duration": 0.0016307830810546875, "input_args": {"term": "'gajih'"}, "time": 1767866501.4977264}