{"duration": 1.8575499057769775, "input_args": {"term": "'gebrakanya'"}, "time": 1767866556.4999242}