{"duration": 1.2770981788635254, "input_args": {"term": "'sambo'"}, "time": 1767866608.47227}