{"duration": 0.8747313022613525, "input_args": {"term": "'semngat'"}, "time": 1767866533.0694444}