{"duration": 1.2137701511383057, "input_args": {"term": "'suposed'"}, "time": 1767866596.6016195}