{"duration": 1.218062400817871, "input_args": {"term": "'kadangkadang'"}, "time": 1767866605.9912064}