{"duration": 0.01917266845703125, "input_args": {"term": "'hari'"}, "time": 1767866592.3444357}