{"duration": 1.1236772537231445, "input_args": {"term": "'ngurus'"}, "time": 1767866545.6584883}