{"duration": 0.04300498962402344, "input_args": {"term": "'daerahkan'"}, "time": 1767866610.853461}