{"duration": 0.03375530242919922, "input_args": {"term": "'isinya'"}, "time": 1767866506.0511081}