{"duration": 1.509946584701538, "input_args": {"term": "'satpol'"}, "time": 1767866594.7247484}