{"duration": 1.795686960220337, "input_args": {"term": "'diputuskanya'"}, "time": 1767866587.1140819}