{"duration": 1.3443222045898438, "input_args": {"term": "'ningalin'"}, "time": 1767866588.0887945}