{"duration": 0.1151280403137207, "input_args": {"term": "'mencekik'"}, "time": 1767866545.9419565}