{"duration": 0.024231672286987305, "input_args": {"term": "'istilah'"}, "time": 1767866627.2670262}