{"duration": 1.1910583972930908, "input_args": {"term": "'nguras'"}, "time": 1767866612.541128}