{"duration": 0.2593111991882324, "input_args": {"term": "'persatu'"}, "time": 1767866626.5233576}