{"duration": 0.020161151885986328, "input_args": {"term": "'were'"}, "time": 1767866539.704494}