{"duration": 0.050794363021850586, "input_args": {"term": "'selevel'"}, "time": 1767866561.8962812}