{"duration": 0.9793274402618408, "input_args": {"term": "'butidak'"}, "time": 1767866623.840206}