{"duration": 0.05012989044189453, "input_args": {"term": "'sekejap'"}, "time": 1767866556.2546375}