{"duration": 1.2892308235168457, "input_args": {"term": "'conduct'"}, "time": 1767866521.779351}