{"duration": 0.019638538360595703, "input_args": {"term": "'pegawai'"}, "time": 1767866505.3484855}