{"duration": 1.2192420959472656, "input_args": {"term": "'nonjok'"}, "time": 1767866582.3065443}