{"duration": 2.3889636993408203, "input_args": {"term": "'persyaratanya'"}, "time": 1767866575.7561781}