{"duration": 0.020942211151123047, "input_args": {"term": "'kirim'"}, "time": 1767866507.588151}