{"duration": 1.3720920085906982, "input_args": {"term": "'naon'"}, "time": 1767866625.0040054}