{"duration": 0.02806258201599121, "input_args": {"term": "'lalu'"}, "time": 1767866591.052108}