{"duration": 0.039383888244628906, "input_args": {"term": "'ketahuan'"}, "time": 1767866549.4698572}