{"duration": 1.5359573364257812, "input_args": {"term": "'gorong'"}, "time": 1767866579.7363176}