{"duration": 0.07812929153442383, "input_args": {"term": "'terindikasi'"}, "time": 1767866588.378026}