{"duration": 0.14194631576538086, "input_args": {"term": "'tersangka'"}, "time": 1767866567.6343784}