{"duration": 3.433574914932251, "input_args": {"term": "'korbakemanusianpun'"}, "time": 1767866558.8498688}