{"duration": 1.3168892860412598, "input_args": {"term": "'ngarep'"}, "time": 1767866570.4492598}