{"duration": 0.08575963973999023, "input_args": {"term": "'berpikir'"}, "time": 1767866525.3581793}