{"duration": 0.02784562110900879, "input_args": {"term": "'bosku'"}, "time": 1767866512.0298252}