{"duration": 0.026133298873901367, "input_args": {"term": "'akhirnya'"}, "time": 1767866621.2913601}