{"duration": 1.2252895832061768, "input_args": {"term": "'nyinyirin'"}, "time": 1767866567.865684}