{"duration": 2.5455331802368164, "input_args": {"term": "'karirnya'"}, "time": 1767866511.0968294}