{"duration": 0.003281831741333008, "input_args": {"term": "'kaos'"}, "time": 1767866500.7495687}