{"duration": 0.16161084175109863, "input_args": {"term": "'membela'"}, "time": 1767866603.7796068}