{"duration": 0.02055668830871582, "input_args": {"term": "'muncul'"}, "time": 1767866629.536198}