{"duration": 0.019156455993652344, "input_args": {"term": "'tap'"}, "time": 1767866617.633083}