{"duration": 1.3274140357971191, "input_args": {"term": "'nyalonin'"}, "time": 1767866525.2946715}