{"duration": 0.060332298278808594, "input_args": {"term": "'ent'"}, "time": 1767866519.9864936}