{"duration": 0.997732400894165, "input_args": {"term": "'dihantui'"}, "time": 1767866628.4051907}