{"duration": 0.018748998641967773, "input_args": {"term": "'betul'"}, "time": 1767866596.481927}