{"duration": 0.42902612686157227, "input_args": {"term": "'kinerjanya'"}, "time": 1767866587.2986243}