{"duration": 0.0439605712890625, "input_args": {"term": "'kembalikan'"}, "time": 1767866550.4262614}