{"duration": 0.05764627456665039, "input_args": {"term": "'berbekas'"}, "time": 1767866580.2835593}