{"duration": 0.3705708980560303, "input_args": {"term": "'pengi'"}, "time": 1767866502.1134315}