{"duration": 1.1102204322814941, "input_args": {"term": "'mantab'"}, "time": 1767866597.1130164}