{"duration": 1.1301867961883545, "input_args": {"term": "'ofensive'"}, "time": 1767866561.4769866}