{"duration": 0.033388376235961914, "input_args": {"term": "'idaman'"}, "time": 1767866547.3890224}