{"duration": 0.032686710357666016, "input_args": {"term": "'bagusan'"}, "time": 1767866519.4833891}