{"duration": 0.01688241958618164, "input_args": {"term": "'keren'"}, "time": 1767866618.8458335}