{"duration": 0.020096778869628906, "input_args": {"term": "'aneh'"}, "time": 1767866553.3398209}