{"duration": 0.043237924575805664, "input_args": {"term": "'taktiknya'"}, "time": 1767866537.216843}