{"duration": 0.28816795349121094, "input_args": {"term": "'perjalanan'"}, "time": 1767866595.4161394}