{"duration": 0.023117542266845703, "input_args": {"term": "'valid'"}, "time": 1767866548.0691445}