{"duration": 0.026363611221313477, "input_args": {"term": "'tumpul'"}, "time": 1767866508.6080647}