{"duration": 0.02683544158935547, "input_args": {"term": "'mahal'"}, "time": 1767866540.39193}