{"duration": 0.024690866470336914, "input_args": {"term": "'dananya'"}, "time": 1767866533.4618008}