{"duration": 0.026008129119873047, "input_args": {"term": "'gusar'"}, "time": 1767866548.2924135}