{"duration": 0.021845102310180664, "input_args": {"term": "'ayo'"}, "time": 1767866586.147759}