{"duration": 0.043908119201660156, "input_args": {"term": "'aturan'"}, "time": 1767866525.6126227}