{"duration": 0.02559518814086914, "input_args": {"term": "'pastilah'"}, "time": 1767866628.9397647}