{"duration": 1.3977718353271484, "input_args": {"term": "'down'"}, "time": 1767866577.5929687}