{"duration": 1.2815775871276855, "input_args": {"term": "'pajakhadeh'"}, "time": 1767866611.6615956}