{"duration": 0.06344294548034668, "input_args": {"term": "'diuntungkan'"}, "time": 1767866530.1228974}