{"duration": 0.027014970779418945, "input_args": {"term": "'lepas'"}, "time": 1767866567.9517176}