{"duration": 1.2863850593566895, "input_args": {"term": "'hokage'"}, "time": 1767866522.0505912}