{"duration": 1.187371015548706, "input_args": {"term": "'increasing'"}, "time": 1767866616.3242047}