{"duration": 2.568920612335205, "input_args": {"term": "'lykusan'"}, "time": 1767866592.6446314}