{"duration": 0.038626670837402344, "input_args": {"term": "'dipotong'"}, "time": 1767866518.5645242}