{"duration": 2.844553232192993, "input_args": {"term": "'akamsidi'"}, "time": 1767866552.7951329}