{"duration": 0.0702979564666748, "input_args": {"term": "'iq'"}, "time": 1767866542.2329757}