{"duration": 0.052976369857788086, "input_args": {"term": "'khususkan'"}, "time": 1767866624.8983343}