{"duration": 0.006494998931884766, "input_args": {"term": "'dipendam'"}, "time": 1767866502.2183852}