{"duration": 0.06361889839172363, "input_args": {"term": "'cm'"}, "time": 1767866518.3194358}