{"duration": 0.03998684883117676, "input_args": {"term": "'giliran'"}, "time": 1767866539.5801349}