{"duration": 2.682544708251953, "input_args": {"term": "'jabatanya'"}, "time": 1767866594.1720572}