{"duration": 0.03194594383239746, "input_args": {"term": "'digebrak'"}, "time": 1767866554.2231588}