{"duration": 0.003011465072631836, "input_args": {"term": "'mantan'"}, "time": 1767866501.7696047}