{"duration": 1.4489030838012695, "input_args": {"term": "'mimpih'"}, "time": 1767866585.1674862}