{"duration": 1.0335867404937744, "input_args": {"term": "'berdoalah'"}, "time": 1767866557.8240128}