{"duration": 0.024628877639770508, "input_args": {"term": "'makmur'"}, "time": 1767866583.4297142}