{"duration": 0.018849611282348633, "input_args": {"term": "'normal'"}, "time": 1767866534.9081528}