{"duration": 0.0204012393951416, "input_args": {"term": "'beban'"}, "time": 1767866566.500416}