{"duration": 0.04327225685119629, "input_args": {"term": "'dagelan'"}, "time": 1767866548.8807187}