{"duration": 0.14350628852844238, "input_args": {"term": "'agre'"}, "time": 1767866501.7527626}