{"duration": 0.07063984870910645, "input_args": {"term": "'setuju'"}, "time": 1767866557.6738732}