{"duration": 0.021053552627563477, "input_args": {"term": "'kultural'"}, "time": 1767866590.5267076}