{"duration": 0.011894941329956055, "input_args": {"term": "'dinas'"}, "time": 1767866579.907596}