{"duration": 0.9780850410461426, "input_args": {"term": "'nakes'"}, "time": 1767866626.0025449}