{"duration": 1.1084022521972656, "input_args": {"term": "'awalmula'"}, "time": 1767866559.8026514}