{"duration": 0.028904199600219727, "input_args": {"term": "'setia:'"}, "time": 1767866565.3287926}