{"duration": 0.036556243896484375, "input_args": {"term": "'rasakan'"}, "time": 1767866544.601953}