{"duration": 1.142801284790039, "input_args": {"term": "'prok'"}, "time": 1767866545.418272}