{"duration": 2.340219736099243, "input_args": {"term": "'nyapunya'"}, "time": 1767866583.3025448}