{"duration": 0.017993450164794922, "input_args": {"term": "'orang'"}, "time": 1767866527.49399}