{"duration": 0.1486654281616211, "input_args": {"term": "'menilai'"}, "time": 1767866530.950609}