{"duration": 0.04172825813293457, "input_args": {"term": "'wni'"}, "time": 1767866512.2222435}