{"duration": 0.02591848373413086, "input_args": {"term": "'struktur'"}, "time": 1767866617.8992062}