{"duration": 0.14554905891418457, "input_args": {"term": "'curhat'"}, "time": 1767866502.0357506}