{"duration": 1.4204401969909668, "input_args": {"term": "'pade'"}, "time": 1767866553.2117345}