{"duration": 1.3685808181762695, "input_args": {"term": "'mekeu'"}, "time": 1767866516.6502893}