{"duration": 0.03221321105957031, "input_args": {"term": "'sultan'"}, "time": 1767866584.400458}