{"duration": 0.01686406135559082, "input_args": {"term": "'jam'"}, "time": 1767866505.4780474}