{"duration": 0.03019547462463379, "input_args": {"term": "'mungil'"}, "time": 1767866575.8055384}