{"duration": 1.2875804901123047, "input_args": {"term": "'bisikin'"}, "time": 1767866588.285135}