{"duration": 0.0048291683197021484, "input_args": {"term": "'datanya'"}, "time": 1767866501.916926}