{"duration": 0.022454500198364258, "input_args": {"term": "'sok'"}, "time": 1767866556.0933318}