{"duration": 1.9045608043670654, "input_args": {"term": "'alah'"}, "time": 1767866621.019945}