{"duration": 0.1876053810119629, "input_args": {"term": "'mengolkan'"}, "time": 1767866625.1369743}