{"duration": 0.026717662811279297, "input_args": {"term": "'posisi'"}, "time": 1767866612.491653}