{"duration": 0.02898240089416504, "input_args": {"term": "'nyala'"}, "time": 1767866626.7985158}