{"duration": 0.02035236358642578, "input_args": {"term": "'ruwet'"}, "time": 1767866608.832678}