{"duration": 0.019559860229492188, "input_args": {"term": "'campur'"}, "time": 1767866560.583381}