{"duration": 0.0457766056060791, "input_args": {"term": "'alasan'"}, "time": 1767866548.9328978}