{"duration": 0.033240556716918945, "input_args": {"term": "'satpam'"}, "time": 1767866524.4768088}