{"duration": 1.2978131771087646, "input_args": {"term": "'bnyak'"}, "time": 1767866543.9077418}