{"duration": 1.7195188999176025, "input_args": {"term": "'berantakanya'"}, "time": 1767866540.7282827}