{"duration": 0.6828582286834717, "input_args": {"term": "'purbayamania'"}, "time": 1767866554.6001856}