{"duration": 0.019624948501586914, "input_args": {"term": "'sarana'"}, "time": 1767866505.7310605}