{"duration": 0.05972886085510254, "input_args": {"term": "'tg'"}, "time": 1767866600.6875262}