{"duration": 1.3362743854522705, "input_args": {"term": "'nihkrn'"}, "time": 1767866593.8116956}