{"duration": 1.4703187942504883, "input_args": {"term": "'tarus'"}, "time": 1767866602.7978144}