{"duration": 0.019216060638427734, "input_args": {"term": "'kudus'"}, "time": 1767866518.3496728}