{"duration": 0.1055765151977539, "input_args": {"term": "'tersadis'"}, "time": 1767866623.6430962}