{"duration": 3.4478414058685303, "input_args": {"term": "'beacukaipastinya'"}, "time": 1767866540.738546}