{"duration": 0.9583158493041992, "input_args": {"term": "'pentingmah'"}, "time": 1767866600.850937}