{"duration": 2.5200424194335938, "input_args": {"term": "'hodienya'"}, "time": 1767866599.5282223}