{"duration": 1.4779958724975586, "input_args": {"term": "'luxury'"}, "time": 1767866542.9391127}