{"duration": 0.023467302322387695, "input_args": {"term": "'ibu'"}, "time": 1767866625.32536}