{"duration": 0.017637252807617188, "input_args": {"term": "'kaki'"}, "time": 1767866602.8820324}