{"duration": 0.032001495361328125, "input_args": {"term": "'setahun'"}, "time": 1767866533.6194484}