{"duration": 0.01999354362487793, "input_args": {"term": "'bunuh'"}, "time": 1767866539.4112518}