{"duration": 1.1755828857421875, "input_args": {"term": "'takutalohukbar'"}, "time": 1767866591.1271296}