{"duration": 0.02102828025817871, "input_args": {"term": "'nilai'"}, "time": 1767866543.7134538}