{"duration": 0.031781911849975586, "input_args": {"term": "'kijang'"}, "time": 1767866521.05008}