{"duration": 0.042908430099487305, "input_args": {"term": "'calonkan'"}, "time": 1767866547.297941}