{"duration": 2.083171844482422, "input_args": {"term": "'this'"}, "time": 1767866618.6132433}