{"duration": 0.9175510406494141, "input_args": {"term": "'monmaf'"}, "time": 1767866536.0710113}