{"duration": 0.1655738353729248, "input_args": {"term": "'membuat'"}, "time": 1767866610.727821}