{"duration": 0.03267502784729004, "input_args": {"term": "'senioritasnya'"}, "time": 1767866562.0238478}