{"duration": 0.01690816879272461, "input_args": {"term": "'stan'"}, "time": 1767866519.777529}