{"duration": 0.021084070205688477, "input_args": {"term": "'luar'"}, "time": 1767866590.4070709}