{"duration": 0.03219771385192871, "input_args": {"term": "'lolos'"}, "time": 1767866535.9812665}