{"duration": 0.1552577018737793, "input_args": {"term": "'skil'"}, "time": 1767866501.133423}