{"duration": 0.02122044563293457, "input_args": {"term": "'jarah'"}, "time": 1767866594.0448966}