{"duration": 0.020918607711791992, "input_args": {"term": "'klarifikasi'"}, "time": 1767866521.1652117}