{"duration": 0.00813150405883789, "input_args": {"term": "'gede'"}, "time": 1767866599.863025}