{"duration": 0.0315861701965332, "input_args": {"term": "'duitnya'"}, "time": 1767866619.9307299}