{"duration": 2.3047285079956055, "input_args": {"term": "'pemcitran'"}, "time": 1767866510.2291298}