{"duration": 1.4842736721038818, "input_args": {"term": "'indoesia'"}, "time": 1767866572.4248104}