{"duration": 0.9986007213592529, "input_args": {"term": "'cikarang'"}, "time": 1767866561.8497837}