{"duration": 1.2614359855651855, "input_args": {"term": "'gitu'"}, "time": 1767866583.3665645}