{"duration": 0.021065473556518555, "input_args": {"term": "'sakit'"}, "time": 1767866569.0460439}