{"duration": 1.1962223052978516, "input_args": {"term": "'staners'"}, "time": 1767866608.0498636}