{"duration": 0.01519322395324707, "input_args": {"term": "'dada'"}, "time": 1767866609.5835812}