{"duration": 0.032454729080200195, "input_args": {"term": "'kekuatan'"}, "time": 1767866559.6447325}