{"duration": 0.05124092102050781, "input_args": {"term": "'bisnismu'"}, "time": 1767866602.0126247}