{"duration": 0.015324115753173828, "input_args": {"term": "'taruh'"}, "time": 1767866597.234907}