{"duration": 0.027381181716918945, "input_args": {"term": "'tepat'"}, "time": 1767866513.6338208}