{"duration": 0.023306846618652344, "input_args": {"term": "'suruh'"}, "time": 1767866513.987563}