{"duration": 2.227705478668213, "input_args": {"term": "'membangakan'"}, "time": 1767866630.601887}