{"duration": 2.6393940448760986, "input_args": {"term": "'presidenya'"}, "time": 1767866524.1868477}