{"duration": 0.021440744400024414, "input_args": {"term": "'sedih'"}, "time": 1767866518.671037}