{"duration": 0.14164471626281738, "input_args": {"term": "'governments'"}, "time": 1767866501.9538596}