{"duration": 0.030106067657470703, "input_args": {"term": "'masak'"}, "time": 1767866563.9693766}