{"duration": 0.020861148834228516, "input_args": {"term": "'alumni'"}, "time": 1767866552.2611313}