{"duration": 0.04848766326904297, "input_args": {"term": "'jebolan'"}, "time": 1767866560.7242978}