{"duration": 0.037279605865478516, "input_args": {"term": "'hadirnya'"}, "time": 1767866588.64845}