{"duration": 0.06256914138793945, "input_args": {"term": "'bagian'"}, "time": 1767866549.0703413}