{"duration": 1.2861108779907227, "input_args": {"term": "'purbayalanjut'"}, "time": 1767866624.9476273}