{"duration": 2.644843816757202, "input_args": {"term": "'beacukai'"}, "time": 1767866569.6916268}