{"duration": 0.022747039794921875, "input_args": {"term": "'hasil'"}, "time": 1767866582.5084126}