{"duration": 0.03045797348022461, "input_args": {"term": "'tungu'"}, "time": 1767866622.1488743}