{"duration": 0.001871347427368164, "input_args": {"term": "'haru'"}, "time": 1767866501.86136}