{"duration": 0.9826035499572754, "input_args": {"term": "'nantijgn'"}, "time": 1767866621.1037703}