{"duration": 0.03192448616027832, "input_args": {"term": "'koruptor'"}, "time": 1767866610.998542}