{"duration": 0.06368017196655273, "input_args": {"term": "'sepil'"}, "time": 1767866553.0609934}