{"duration": 1.1856675148010254, "input_args": {"term": "'kawatir'"}, "time": 1767866511.729407}