{"duration": 0.047625064849853516, "input_args": {"term": "'kn'"}, "time": 1767866559.9504843}