{"duration": 0.01764059066772461, "input_args": {"term": "'cigak'"}, "time": 1767866612.3131223}