{"duration": 0.03763842582702637, "input_args": {"term": "'kasihan'"}, "time": 1767866529.8060288}