{"duration": 0.013219594955444336, "input_args": {"term": "'beda'"}, "time": 1767866560.4742765}