{"duration": 0.06650233268737793, "input_args": {"term": "'kox'"}, "time": 1767866612.6915708}