{"duration": 1.228182315826416, "input_args": {"term": "'ngludahin'"}, "time": 1767866530.370969}