{"duration": 1.0544509887695312, "input_args": {"term": "'mikir'"}, "time": 1767866561.9766273}