{"duration": 0.009013652801513672, "input_args": {"term": "'gereget'"}, "time": 1767866599.8827903}