{"duration": 1.2380552291870117, "input_args": {"term": "'spya'"}, "time": 1767866521.3687427}