{"duration": 0.9188740253448486, "input_args": {"term": "'dilayani'"}, "time": 1767866539.0068603}