{"duration": 2.2177886962890625, "input_args": {"term": "'postingan'"}, "time": 1767866626.2483916}