{"duration": 0.06636500358581543, "input_args": {"term": "'berbahaya'"}, "time": 1767866504.713708}