{"duration": 0.031822919845581055, "input_args": {"term": "'rokok'"}, "time": 1767866558.115919}