{"duration": 0.331653356552124, "input_args": {"term": "'pendapatan'"}, "time": 1767866547.059783}