{"duration": 0.023140907287597656, "input_args": {"term": "'hampir'"}, "time": 1767866581.383809}