{"duration": 1.1077287197113037, "input_args": {"term": "'menghadapi'"}, "time": 1767866598.5733652}