{"duration": 0.04179239273071289, "input_args": {"term": "'seketika'"}, "time": 1767866629.2144282}