{"duration": 0.03217291831970215, "input_args": {"term": "'usah'"}, "time": 1767866547.093094}