{"duration": 0.019171476364135742, "input_args": {"term": "'aktif'"}, "time": 1767866615.501972}