{"duration": 1.1870143413543701, "input_args": {"term": "'masing'"}, "time": 1767866549.5229747}