{"duration": 0.09879803657531738, "input_args": {"term": "'borosankayak'"}, "time": 1767866501.585427}