{"duration": 0.0026900768280029297, "input_args": {"term": "'main'"}, "time": 1767866502.2221673}