{"duration": 0.016412734985351562, "input_args": {"term": "'konsumen'"}, "time": 1767866565.5792909}