{"duration": 2.309105634689331, "input_args": {"term": "'srimulyani'"}, "time": 1767866551.6210206}