{"duration": 1.1119341850280762, "input_args": {"term": "'tingal'"}, "time": 1767866589.2751155}