{"duration": 1.2964363098144531, "input_args": {"term": "'gapapah'"}, "time": 1767866596.1676505}