{"duration": 0.033652305603027344, "input_args": {"term": "'percaya'"}, "time": 1767866607.7476218}