{"duration": 0.013480424880981445, "input_args": {"term": "'loh'"}, "time": 1767866588.739097}