{"duration": 0.278717041015625, "input_args": {"term": "'pengacau'"}, "time": 1767866619.1617305}