{"duration": 1.1273040771484375, "input_args": {"term": "'said'"}, "time": 1767866624.5000868}