{"duration": 0.042642831802368164, "input_args": {"term": "'utamanya'"}, "time": 1767866560.4655483}