{"duration": 0.023738384246826172, "input_args": {"term": "'turun'"}, "time": 1767866617.6744561}