{"duration": 1.459531545639038, "input_args": {"term": "'kerajan'"}, "time": 1767866556.7601328}