{"duration": 1.1163275241851807, "input_args": {"term": "'inicoba'"}, "time": 1767866563.7581851}