{"duration": 0.0492706298828125, "input_args": {"term": "'secerca'"}, "time": 1767866503.6054864}