{"duration": 0.01568913459777832, "input_args": {"term": "'depan'"}, "time": 1767866613.744469}