{"duration": 2.21246337890625, "input_args": {"term": "'pencitran'"}, "time": 1767866584.095955}