{"duration": 1.2146742343902588, "input_args": {"term": "'ripah'"}, "time": 1767866588.6034265}