{"duration": 0.017219066619873047, "input_args": {"term": "'bangkit'"}, "time": 1767866545.6745572}