{"duration": 0.0458831787109375, "input_args": {"term": "'sayang'"}, "time": 1767866574.920176}