{"duration": 0.024085521697998047, "input_args": {"term": "'kala'"}, "time": 1767866620.461183}