{"duration": 0.22912859916687012, "input_args": {"term": "'perasternya'"}, "time": 1767866511.851577}