{"duration": 0.045171260833740234, "input_args": {"term": "'tentunya'"}, "time": 1767866628.4708366}