{"duration": 1.439197301864624, "input_args": {"term": "'unpam'"}, "time": 1767866557.5747888}