{"duration": 0.055161476135253906, "input_args": {"term": "'berbenah'"}, "time": 1767866503.3625917}