{"duration": 0.049536705017089844, "input_args": {"term": "'wow'"}, "time": 1767866600.3196418}