{"duration": 0.04497218132019043, "input_args": {"term": "'omongan'"}, "time": 1767866522.8267584}