{"duration": 0.029881954193115234, "input_args": {"term": "'artinya'"}, "time": 1767866521.244498}