{"duration": 0.028998374938964844, "input_args": {"term": "'banyak'"}, "time": 1767866624.690803}