{"duration": 0.0425419807434082, "input_args": {"term": "'berbaur'"}, "time": 1767866533.3510125}