{"duration": 0.08678746223449707, "input_args": {"term": "'merupakan'"}, "time": 1767866554.0295677}