{"duration": 0.029073715209960938, "input_args": {"term": "'sistem'"}, "time": 1767866602.2973773}