{"duration": 1.271611213684082, "input_args": {"term": "'pcat'"}, "time": 1767866624.7526875}