{"duration": 0.02267909049987793, "input_args": {"term": "'data'"}, "time": 1767866511.9640708}