{"duration": 0.01969122886657715, "input_args": {"term": "'awet'"}, "time": 1767866609.182208}