{"duration": 0.04081416130065918, "input_args": {"term": "'khususnya'"}, "time": 1767866628.2579677}