{"duration": 0.051010847091674805, "input_args": {"term": "'tekanan'"}, "time": 1767866612.9123864}