{"duration": 1.0109145641326904, "input_args": {"term": "'mengakui'"}, "time": 1767866589.7626991}