{"duration": 0.29651498794555664, "input_args": {"term": "'pemberani:'"}, "time": 1767866556.9267032}