{"duration": 0.19692206382751465, "input_args": {"term": "'aslik'"}, "time": 1767866500.560645}