{"duration": 1.1149137020111084, "input_args": {"term": "'nonton'"}, "time": 1767866514.014119}