{"duration": 0.08725237846374512, "input_args": {"term": "'melihat'"}, "time": 1767866534.4760556}