{"duration": 1.1095001697540283, "input_args": {"term": "'framing'"}, "time": 1767866529.521652}