{"duration": 1.4189205169677734, "input_args": {"term": "'dbyarkn'"}, "time": 1767866574.7586675}