{"duration": 0.7151286602020264, "input_args": {"term": "'mempunyai'"}, "time": 1767866555.3819091}