{"duration": 0.018646240234375, "input_args": {"term": "'preseden'"}, "time": 1767866536.1473305}