{"duration": 0.07888054847717285, "input_args": {"term": "'berantasla'"}, "time": 1767866501.4671545}