{"duration": 0.2722280025482178, "input_args": {"term": "'atibawahanya'"}, "time": 1767866502.3310099}