{"duration": 1.4028372764587402, "input_args": {"term": "'kdada'"}, "time": 1767866511.0728347}