{"duration": 0.022996902465820312, "input_args": {"term": "'padahal'"}, "time": 1767866623.5286844}