{"duration": 0.023176193237304688, "input_args": {"term": "'antarmuka'"}, "time": 1767866612.7623878}