{"duration": 0.7014286518096924, "input_args": {"term": "'ngobrol'"}, "time": 1767866554.8464234}