{"duration": 0.03098011016845703, "input_args": {"term": "'rahasia'"}, "time": 1767866552.35215}