{"duration": 0.0423433780670166, "input_args": {"term": "'cb'"}, "time": 1767866544.74723}