{"duration": 1.2637786865234375, "input_args": {"term": "'ngos'"}, "time": 1767866558.7512894}