{"duration": 1.3165092468261719, "input_args": {"term": "'mencerdaskandampaknya'"}, "time": 1767866534.9787586}