{"duration": 0.06767392158508301, "input_args": {"term": "'ditungu'"}, "time": 1767866571.1342056}