{"duration": 1.3713030815124512, "input_args": {"term": "'nindas'"}, "time": 1767866584.3892677}