{"duration": 0.023618221282958984, "input_args": {"term": "'semena'"}, "time": 1767866606.4875197}