{"duration": 1.8936188220977783, "input_args": {"term": "'keahlianya'"}, "time": 1767866553.1666076}