{"duration": 0.05810689926147461, "input_args": {"term": "'diendapkan'"}, "time": 1767866520.9072332}