{"duration": 1.2981252670288086, "input_args": {"term": "'apapain'"}, "time": 1767866570.7854972}