{"duration": 1.2899224758148193, "input_args": {"term": "'firm'"}, "time": 1767866592.676117}