{"duration": 1.4383735656738281, "input_args": {"term": "'kemarinjawabpanya'"}, "time": 1767866614.851905}