{"duration": 0.055856943130493164, "input_args": {"term": "'wawasan'"}, "time": 1767866523.0096717}