{"duration": 0.01971745491027832, "input_args": {"term": "'menteri'"}, "time": 1767866589.0914454}