{"duration": 0.04947352409362793, "input_args": {"term": "'dikenal'"}, "time": 1767866541.0434556}