{"duration": 0.031249523162841797, "input_args": {"term": "'raya'"}, "time": 1767866599.652918}