{"duration": 0.03686165809631348, "input_args": {"term": "'mafianya'"}, "time": 1767866550.1805503}