{"duration": 1.286456823348999, "input_args": {"term": "'nyuruh'"}, "time": 1767866617.4868772}