{"duration": 0.029682397842407227, "input_args": {"term": "'nuraninya'"}, "time": 1767866502.8855693}