{"duration": 1.3318912982940674, "input_args": {"term": "'kirain'"}, "time": 1767866584.797647}