{"duration": 0.932039737701416, "input_args": {"term": "'susahnegara'"}, "time": 1767866553.9705346}