{"duration": 1.1508216857910156, "input_args": {"term": "'finance'"}, "time": 1767866567.4398818}