{"duration": 0.01884627342224121, "input_args": {"term": "'baya'"}, "time": 1767866629.4129584}