{"duration": 0.04226517677307129, "input_args": {"term": "'en'"}, "time": 1767866618.6694083}