{"duration": 0.12180638313293457, "input_args": {"term": "'merakyat'"}, "time": 1767866518.7396393}