{"duration": 0.01955270767211914, "input_args": {"term": "'apabila'"}, "time": 1767866556.9460833}