{"duration": 0.008287906646728516, "input_args": {"term": "'semasa'"}, "time": 1767866502.116857}