{"duration": 0.020341157913208008, "input_args": {"term": "'kontra'"}, "time": 1767866583.0715344}