{"duration": 1.351651906967163, "input_args": {"term": "'ngawur'"}, "time": 1767866603.9167593}