{"duration": 0.03010725975036621, "input_args": {"term": "'jangankan'"}, "time": 1767866519.624891}