{"duration": 0.07520198822021484, "input_args": {"term": "'terdampak'"}, "time": 1767866553.8877318}