{"duration": 0.16352200508117676, "input_args": {"term": "'abisin'"}, "time": 1767866502.3274384}