{"duration": 2.386462926864624, "input_args": {"term": "'dagestan'"}, "time": 1767866580.9856887}