{"duration": 0.16010522842407227, "input_args": {"term": "'menghadap'"}, "time": 1767866519.0240188}