{"duration": 0.004580259323120117, "input_args": {"term": "'slm'"}, "time": 1767866501.5405436}