{"duration": 0.053503990173339844, "input_args": {"term": "'kabulkan'"}, "time": 1767866577.945156}