{"duration": 0.17185282707214355, "input_args": {"term": "'menebar'"}, "time": 1767866595.8885903}