{"duration": 0.051952362060546875, "input_args": {"term": "'penegak'"}, "time": 1767866500.838688}