{"duration": 1.0859618186950684, "input_args": {"term": "'wewenang'"}, "time": 1767866618.296045}