{"duration": 0.018937349319458008, "input_args": {"term": "'mafia'"}, "time": 1767866600.9913642}