{"duration": 1.298337459564209, "input_args": {"term": "'influencer'"}, "time": 1767866593.9008312}