{"duration": 0.021109580993652344, "input_args": {"term": "'watu'"}, "time": 1767866528.6914868}