{"duration": 2.3201613426208496, "input_args": {"term": "'apan'"}, "time": 1767866611.3005588}