{"duration": 1.4422121047973633, "input_args": {"term": "'deper'"}, "time": 1767866587.236688}