{"duration": 0.029583215713500977, "input_args": {"term": "'era'"}, "time": 1767866622.5070739}