{"duration": 1.1212034225463867, "input_args": {"term": "'pemimpinkenapa'"}, "time": 1767866611.6408486}