{"duration": 0.04040932655334473, "input_args": {"term": "'keahlian'"}, "time": 1767866581.2570493}