{"duration": 0.024113178253173828, "input_args": {"term": "'anis'"}, "time": 1767866541.305324}