{"duration": 0.027126789093017578, "input_args": {"term": "'perlu'"}, "time": 1767866549.1473956}