{"duration": 0.05309438705444336, "input_args": {"term": "'diajukan'"}, "time": 1767866557.1507363}