{"duration": 1.0066602230072021, "input_args": {"term": "'opung'"}, "time": 1767866506.7418683}