{"duration": 0.12198615074157715, "input_args": {"term": "'wapres'"}, "time": 1767866501.6678388}