{"duration": 0.1983332633972168, "input_args": {"term": "'menjaga'"}, "time": 1767866622.4737232}