{"duration": 0.0387728214263916, "input_args": {"term": "'berusaha'"}, "time": 1767866533.4484508}