{"duration": 0.05175638198852539, "input_args": {"term": "'satnya'"}, "time": 1767866529.537339}