{"duration": 1.279982328414917, "input_args": {"term": "'genk'"}, "time": 1767866508.215086}