{"duration": 0.022081375122070312, "input_args": {"term": "'manis'"}, "time": 1767866530.5074222}