{"duration": 1.3637773990631104, "input_args": {"term": "'bacod'"}, "time": 1767866509.119213}