{"duration": 0.04609036445617676, "input_args": {"term": "'kayaknya'"}, "time": 1767866586.8793283}