{"duration": 0.11953997611999512, "input_args": {"term": "'meragukan'"}, "time": 1767866621.786114}