{"duration": 0.07019257545471191, "input_args": {"term": "'brp'"}, "time": 1767866594.586877}