{"duration": 0.028409481048583984, "input_args": {"term": "'strategi'"}, "time": 1767866520.079752}