{"duration": 0.058263301849365234, "input_args": {"term": "'ketangkap'"}, "time": 1767866542.7862542}