{"duration": 0.02445697784423828, "input_args": {"term": "'mana'"}, "time": 1767866522.595147}