{"duration": 0.04204964637756348, "input_args": {"term": "'temuan'"}, "time": 1767866519.8346322}