{"duration": 0.011030912399291992, "input_args": {"term": "'bebani'"}, "time": 1767866502.0776641}