{"duration": 0.950169563293457, "input_args": {"term": "'breakdown'"}, "time": 1767866506.6383173}