{"duration": 1.3869996070861816, "input_args": {"term": "'gangu'"}, "time": 1767866608.7921236}