{"duration": 1.02604079246521, "input_args": {"term": "'enake'"}, "time": 1767866536.2440088}