{"duration": 0.027242183685302734, "input_args": {"term": "'deposito'"}, "time": 1767866550.3693635}