{"duration": 1.2324354648590088, "input_args": {"term": "'sbux'"}, "time": 1767866532.8224006}