{"duration": 0.9598267078399658, "input_args": {"term": "'kibulin'"}, "time": 1767866562.894794}