{"duration": 0.026500940322875977, "input_args": {"term": "'momentum'"}, "time": 1767866616.905024}