{"duration": 1.5555777549743652, "input_args": {"term": "'kekjembatan'"}, "time": 1767866544.2487817}