{"duration": 0.035784244537353516, "input_args": {"term": "'bicaranya'"}, "time": 1767866577.5553274}