{"duration": 0.18023252487182617, "input_args": {"term": "'mengalami'"}, "time": 1767866574.045422}