{"duration": 1.1412291526794434, "input_args": {"term": "'warkop'"}, "time": 1767866512.0318801}