{"duration": 0.05253291130065918, "input_args": {"term": "'tradisi'"}, "time": 1767866598.163947}