{"duration": 0.03774404525756836, "input_args": {"term": "'bandingkan'"}, "time": 1767866552.3998568}