{"duration": 0.030390262603759766, "input_args": {"term": "'subsidi'"}, "time": 1767866522.3612988}