{"duration": 0.029669523239135742, "input_args": {"term": "'siring'"}, "time": 1767866548.9575806}