{"duration": 0.02856898307800293, "input_args": {"term": "'lunak'"}, "time": 1767866590.882523}