{"duration": 2.974654197692871, "input_args": {"term": "'mengerogoti'"}, "time": 1767866540.5953355}