{"duration": 0.04711508750915527, "input_args": {"term": "'buruan'"}, "time": 1767866623.7743855}