{"duration": 0.047747135162353516, "input_args": {"term": "'bae'"}, "time": 1767866531.3776278}