{"duration": 0.019565105438232422, "input_args": {"term": "'penasaran'"}, "time": 1767866573.2519898}