{"duration": 0.013658523559570312, "input_args": {"term": "'beking'"}, "time": 1767866505.641347}