{"duration": 3.584695816040039, "input_args": {"term": "'pwndidikan'"}, "time": 1767866544.4640808}