{"duration": 0.04618358612060547, "input_args": {"term": "'lagian'"}, "time": 1767866592.7198162}