{"duration": 0.6138789653778076, "input_args": {"term": "'kesingung'"}, "time": 1767866528.8461823}