{"duration": 0.12826013565063477, "input_args": {"term": "'komen'"}, "time": 1767866501.1428628}