{"duration": 1.509770393371582, "input_args": {"term": "'totot'"}, "time": 1767866568.8233597}