{"duration": 0.036371469497680664, "input_args": {"term": "'independen'"}, "time": 1767866583.3854775}