{"duration": 0.030289888381958008, "input_args": {"term": "'jahanam'"}, "time": 1767866507.2275376}