{"duration": 0.023777008056640625, "input_args": {"term": "'rugi'"}, "time": 1767866533.2049847}