{"duration": 0.0435490608215332, "input_args": {"term": "'gaya'"}, "time": 1767866595.6534781}