{"duration": 0.02051401138305664, "input_args": {"term": "'darah'"}, "time": 1767866548.440927}