{"duration": 0.1625652313232422, "input_args": {"term": "'standard'"}, "time": 1767866502.28462}