{"duration": 1.4602880477905273, "input_args": {"term": "'suapay'"}, "time": 1767866599.0727725}