{"duration": 0.21980857849121094, "input_args": {"term": "'mengumpulkan'"}, "time": 1767866577.5190701}