{"duration": 1.2460682392120361, "input_args": {"term": "'misleading'"}, "time": 1767866549.147262}