{"duration": 0.017223834991455078, "input_args": {"term": "'niat'"}, "time": 1767866555.935776}