{"duration": 0.021053791046142578, "input_args": {"term": "'kang'"}, "time": 1767866503.767349}