{"duration": 0.019927024841308594, "input_args": {"term": "'dusta'"}, "time": 1767866575.8585932}