{"duration": 0.018318891525268555, "input_args": {"term": "'ana'"}, "time": 1767866549.214495}