{"duration": 0.26558375358581543, "input_args": {"term": "'menyelesaikan'"}, "time": 1767866627.9726186}