{"duration": 1.1475419998168945, "input_args": {"term": "'ngurusin'"}, "time": 1767866504.3464065}