{"duration": 0.019901514053344727, "input_args": {"term": "'pinjam'"}, "time": 1767866537.5179245}