{"duration": 0.9315531253814697, "input_args": {"term": "'berbuatlah'"}, "time": 1767866605.2217913}