{"duration": 0.028015851974487305, "input_args": {"term": "'enak'"}, "time": 1767866505.1571758}