{"duration": 0.895643949508667, "input_args": {"term": "'sempet'"}, "time": 1767866526.9961555}