{"duration": 0.01980900764465332, "input_args": {"term": "'kalimat'"}, "time": 1767866511.3681986}