{"duration": 0.20256638526916504, "input_args": {"term": "'mengundurkan'"}, "time": 1767866559.0773115}