{"duration": 1.221571445465088, "input_args": {"term": "'rame'"}, "time": 1767866510.2046533}