{"duration": 0.021080970764160156, "input_args": {"term": "'gen'"}, "time": 1767866531.320936}