{"duration": 0.0473017692565918, "input_args": {"term": "'hah'"}, "time": 1767866580.0771499}