{"duration": 1.4224731922149658, "input_args": {"term": "'mataram:'"}, "time": 1767866611.368544}