{"duration": 0.020627260208129883, "input_args": {"term": "'biar'"}, "time": 1767866576.8654294}