{"duration": 0.03393816947937012, "input_args": {"term": "'mandi'"}, "time": 1767866522.328758}