{"duration": 0.06179451942443848, "input_args": {"term": "'gni'"}, "time": 1767866577.550346}