{"duration": 0.0181272029876709, "input_args": {"term": "'edisi'"}, "time": 1767866581.5358627}