{"duration": 0.022555828094482422, "input_args": {"term": "'serikat'"}, "time": 1767866598.9986637}