{"duration": 0.018614530563354492, "input_args": {"term": "'sakti:'"}, "time": 1767866508.5054345}