{"duration": 0.23221707344055176, "input_args": {"term": "'mengalahkan'"}, "time": 1767866557.675433}