{"duration": 1.1513211727142334, "input_args": {"term": "'haha'"}, "time": 1767866564.2423747}