{"duration": 0.186079740524292, "input_args": {"term": "'ngoming'"}, "time": 1767866502.230347}