{"duration": 0.06525897979736328, "input_args": {"term": "'tks'"}, "time": 1767866576.7177775}