{"duration": 0.0256497859954834, "input_args": {"term": "'tiket'"}, "time": 1767866538.8779747}