{"duration": 0.024710416793823242, "input_args": {"term": "'simpel'"}, "time": 1767866527.5278902}