{"duration": 0.0270078182220459, "input_args": {"term": "'bukanlah'"}, "time": 1767866539.847264}