{"duration": 0.0037767887115478516, "input_args": {"term": "'pusat'"}, "time": 1767866502.1421616}