{"duration": 0.038299560546875, "input_args": {"term": "'kedua'"}, "time": 1767866561.5107458}