{"duration": 1.3908002376556396, "input_args": {"term": "'strong'"}, "time": 1767866595.5872073}