{"duration": 0.03496289253234863, "input_args": {"term": "'asy'"}, "time": 1767866512.4130123}