{"duration": 0.019815444946289062, "input_args": {"term": "'biarlah'"}, "time": 1767866618.5723777}