{"duration": 0.9615395069122314, "input_args": {"term": "'berkolaborasi'"}, "time": 1767866526.0726197}