{"duration": 1.4251208305358887, "input_args": {"term": "'mnkeu'"}, "time": 1767866603.1499548}