{"duration": 0.022497177124023438, "input_args": {"term": "'awal'"}, "time": 1767866570.3635688}