{"duration": 0.042383670806884766, "input_args": {"term": "'berjalan'"}, "time": 1767866608.893883}