{"duration": 0.13777589797973633, "input_args": {"term": "'nimbun'"}, "time": 1767866501.2764804}