{"duration": 2.5725574493408203, "input_args": {"term": "'sklian'"}, "time": 1767866596.086518}