{"duration": 0.0376436710357666, "input_args": {"term": "'benahi'"}, "time": 1767866506.9384828}