{"duration": 0.07961726188659668, "input_args": {"term": "'belajar'"}, "time": 1767866504.6438134}