{"duration": 1.3610038757324219, "input_args": {"term": "'colombia'"}, "time": 1767866587.5411246}