{"duration": 0.024425506591796875, "input_args": {"term": "'seni'"}, "time": 1767866518.6998641}