{"duration": 0.01813530921936035, "input_args": {"term": "'lewat'"}, "time": 1767866610.7360947}