{"duration": 0.04711103439331055, "input_args": {"term": "'stk'"}, "time": 1767866580.1058378}