{"duration": 1.328920602798462, "input_args": {"term": "'pecaya'"}, "time": 1767866551.749547}