{"duration": 2.1354262828826904, "input_args": {"term": "'silahturahmi'"}, "time": 1767866515.2356129}