{"duration": 2.0601205825805664, "input_args": {"term": "'episudenya'"}, "time": 1767866590.5878172}