{"duration": 0.02361464500427246, "input_args": {"term": "'tugu'"}, "time": 1767866591.3455617}