{"duration": 1.3624944686889648, "input_args": {"term": "'gimick'"}, "time": 1767866524.9322615}