{"duration": 0.03869032859802246, "input_args": {"term": "'awasi'"}, "time": 1767866628.0445764}