{"duration": 0.03666281700134277, "input_args": {"term": "'ratusan'"}, "time": 1767866614.1271567}