{"duration": 0.04104781150817871, "input_args": {"term": "'cia'"}, "time": 1767866562.5390913}