{"duration": 0.0028760433197021484, "input_args": {"term": "'insya'"}, "time": 1767866501.9476178}