{"duration": 0.019681215286254883, "input_args": {"term": "'lantang'"}, "time": 1767866566.802748}