{"duration": 2.7009263038635254, "input_args": {"term": "'mulayani'"}, "time": 1767866524.679817}