{"duration": 1.3998613357543945, "input_args": {"term": "'crucial'"}, "time": 1767866586.541679}