{"duration": 0.01803302764892578, "input_args": {"term": "'saku'"}, "time": 1767866618.675077}