{"duration": 1.2091641426086426, "input_args": {"term": "'pejabatsaling'"}, "time": 1767866510.9576802}