{"duration": 0.020678997039794922, "input_args": {"term": "'pendam'"}, "time": 1767866546.2478366}