{"duration": 0.3388102054595947, "input_args": {"term": "'kepemimpinan:'"}, "time": 1767866563.963993}