{"duration": 0.018569231033325195, "input_args": {"term": "'jenuh'"}, "time": 1767866609.5504892}