{"duration": 0.019392967224121094, "input_args": {"term": "'sarjana'"}, "time": 1767866545.4570937}