{"duration": 0.22839021682739258, "input_args": {"term": "'pembekuan'"}, "time": 1767866521.4746945}