{"duration": 0.3940298557281494, "input_args": {"term": "'petugas'"}, "time": 1767866582.2122114}