{"duration": 0.056569814682006836, "input_args": {"term": "'beragam'"}, "time": 1767866542.869386}