{"duration": 1.4767754077911377, "input_args": {"term": "'atitude'"}, "time": 1767866602.33855}