{"duration": 0.033054351806640625, "input_args": {"term": "'rakus'"}, "time": 1767866516.7733836}