{"duration": 0.04380989074707031, "input_args": {"term": "'makin'"}, "time": 1767866564.743257}