{"duration": 0.016197681427001953, "input_args": {"term": "'bidang'"}, "time": 1767866528.18447}