{"duration": 0.08418512344360352, "input_args": {"term": "'lps'"}, "time": 1767866570.1026304}