{"duration": 1.8257288932800293, "input_args": {"term": "'sesunguhnya'"}, "time": 1767866569.080265}