{"duration": 0.03804445266723633, "input_args": {"term": "'perlukan'"}, "time": 1767866607.5172696}