{"duration": 0.4619455337524414, "input_args": {"term": "'semngt'"}, "time": 1767866555.0088675}