{"duration": 2.527056932449341, "input_args": {"term": "'mulyani'"}, "time": 1767866540.6778421}