{"duration": 1.1466481685638428, "input_args": {"term": "'ajah'"}, "time": 1767866580.3807364}