{"duration": 0.11068224906921387, "input_args": {"term": "'terkait'"}, "time": 1767866560.9917662}