{"duration": 0.1101524829864502, "input_args": {"term": "'beserta'"}, "time": 1767866572.3023095}