{"duration": 0.02210521697998047, "input_args": {"term": "'lap'"}, "time": 1767866528.2248716}