{"duration": 0.15711259841918945, "input_args": {"term": "'yosh'"}, "time": 1767866502.0309002}