{"duration": 0.02145218849182129, "input_args": {"term": "'neraka'"}, "time": 1767866585.7569335}