{"duration": 0.0033338069915771484, "input_args": {"term": "'fokus'"}, "time": 1767866502.0783763}