{"duration": 0.016255617141723633, "input_args": {"term": "'pro'"}, "time": 1767866599.3856003}