{"duration": 1.0246658325195312, "input_args": {"term": "'mengurangi'"}, "time": 1767866567.146966}