{"duration": 0.009490728378295898, "input_args": {"term": "'adab'"}, "time": 1767866553.8537915}