{"duration": 0.02143239974975586, "input_args": {"term": "'ubah'"}, "time": 1767866506.2061288}