{"duration": 0.11071634292602539, "input_args": {"term": "'menipu'"}, "time": 1767866554.9373832}