{"duration": 0.02904987335205078, "input_args": {"term": "'proyeknya'"}, "time": 1767866588.5271626}