{"duration": 0.3078272342681885, "input_args": {"term": "'penghargaan'"}, "time": 1767866576.2894182}