{"duration": 0.019068479537963867, "input_args": {"term": "'garang'"}, "time": 1767866573.2777839}