{"duration": 1.10847806930542, "input_args": {"term": "'ngunu'"}, "time": 1767866520.1017566}