{"duration": 0.21028351783752441, "input_args": {"term": "'perwakilan'"}, "time": 1767866620.6135745}