{"duration": 0.029083967208862305, "input_args": {"term": "'todong'"}, "time": 1767866541.1636138}