{"duration": 0.09558224678039551, "input_args": {"term": "'terlaksana'"}, "time": 1767866518.9325604}