{"duration": 0.03189373016357422, "input_args": {"term": "'wacana'"}, "time": 1767866628.0823693}