{"duration": 0.02065253257751465, "input_args": {"term": "'triliun'"}, "time": 1767866508.4708574}