{"duration": 0.05916738510131836, "input_args": {"term": "'tpa'"}, "time": 1767866591.5146267}