{"duration": 0.024996280670166016, "input_args": {"term": "'pelihara'"}, "time": 1767866556.197217}