{"duration": 0.023515939712524414, "input_args": {"term": "'serius'"}, "time": 1767866628.9054863}