{"duration": 1.0356740951538086, "input_args": {"term": "'benerbkn'"}, "time": 1767866517.4728906}