{"duration": 0.02134871482849121, "input_args": {"term": "'artis'"}, "time": 1767866515.2193918}