{"duration": 1.257350206375122, "input_args": {"term": "'suport'"}, "time": 1767866530.0397995}