{"duration": 0.027127981185913086, "input_args": {"term": "'sembuh'"}, "time": 1767866619.2249653}