{"duration": 0.9584896564483643, "input_args": {"term": "'dlam'"}, "time": 1767866546.0135872}