{"duration": 0.0238802433013916, "input_args": {"term": "'digital'"}, "time": 1767866598.7990444}