{"duration": 0.020706653594970703, "input_args": {"term": "'asli'"}, "time": 1767866571.319944}