{"duration": 0.0994410514831543, "input_args": {"term": "'terkontaminasi'"}, "time": 1767866522.5543766}