{"duration": 0.910020112991333, "input_args": {"term": "'boikotisrealproduct'"}, "time": 1767866562.2921844}