{"duration": 0.016387462615966797, "input_args": {"term": "'ketar'"}, "time": 1767866618.798742}