{"duration": 1.1329333782196045, "input_args": {"term": "'purdue'"}, "time": 1767866556.6789155}