{"duration": 0.8728392124176025, "input_args": {"term": "'dunk'"}, "time": 1767866619.1032257}