{"duration": 0.02720475196838379, "input_args": {"term": "'rezeki'"}, "time": 1767866518.011668}