{"duration": 1.3758397102355957, "input_args": {"term": "'ensure'"}, "time": 1767866510.748713}