{"duration": 0.018481016159057617, "input_args": {"term": "'pamer'"}, "time": 1767866553.8852236}