{"duration": 0.027157068252563477, "input_args": {"term": "'khusus'"}, "time": 1767866557.590372}