{"duration": 0.0590815544128418, "input_args": {"term": "'berkata'"}, "time": 1767866547.996274}