{"duration": 0.021480798721313477, "input_args": {"term": "'nyata'"}, "time": 1767866526.769202}