{"duration": 0.06471967697143555, "input_args": {"term": "'ane'"}, "time": 1767866585.5899506}