{"duration": 0.018960237503051758, "input_args": {"term": "'galak'"}, "time": 1767866518.512129}