{"duration": 0.05015158653259277, "input_args": {"term": "'laporkan'"}, "time": 1767866553.1210372}