{"duration": 0.04687142372131348, "input_args": {"term": "'zaman'"}, "time": 1767866532.8429174}