{"duration": 1.1759533882141113, "input_args": {"term": "'stance'"}, "time": 1767866545.5578687}