{"duration": 1.2371935844421387, "input_args": {"term": "'madrid'"}, "time": 1767866544.0061858}