{"duration": 0.017127513885498047, "input_args": {"term": "'buat'"}, "time": 1767866589.0199695}