{"duration": 1.3098013401031494, "input_args": {"term": "'cmiw'"}, "time": 1767866508.4199185}