{"duration": 0.06940770149230957, "input_args": {"term": "'eh'"}, "time": 1767866569.2897284}