{"duration": 0.02376079559326172, "input_args": {"term": "'kacau'"}, "time": 1767866629.598794}