{"duration": 0.050055742263793945, "input_args": {"term": "'it'"}, "time": 1767866537.4738503}