{"duration": 1.1508972644805908, "input_args": {"term": "'menterimundurlah'"}, "time": 1767866606.700071}