{"duration": 0.06446170806884766, "input_args": {"term": "'tl'"}, "time": 1767866503.5465133}