{"duration": 0.036287784576416016, "input_args": {"term": "'jo'"}, "time": 1767866625.72955}