{"duration": 0.15218019485473633, "input_args": {"term": "'terbiasa'"}, "time": 1767866510.738038}