{"duration": 1.4529218673706055, "input_args": {"term": "'samsat'"}, "time": 1767866542.9525375}