{"duration": 0.36887216567993164, "input_args": {"term": "'diminin'"}, "time": 1767866621.4043505}