{"duration": 0.0462799072265625, "input_args": {"term": "'saldonya'"}, "time": 1767866534.7971933}