{"duration": 2.56782865524292, "input_args": {"term": "'ignya'"}, "time": 1767866523.3005812}