{"duration": 0.03071761131286621, "input_args": {"term": "'naik'"}, "time": 1767866596.8388686}