{"duration": 0.05256366729736328, "input_args": {"term": "'nip'"}, "time": 1767866567.2761095}