{"duration": 0.017412662506103516, "input_args": {"term": "'teknokrat'"}, "time": 1767866612.0381155}