{"duration": 0.16089844703674316, "input_args": {"term": "'tambh'"}, "time": 1767866501.9853423}