{"duration": 1.392272710800171, "input_args": {"term": "'uhuy'"}, "time": 1767866602.5650692}