{"duration": 0.022983312606811523, "input_args": {"term": "'sama'"}, "time": 1767866586.465593}