{"duration": 0.11625981330871582, "input_args": {"term": "'sunguh'"}, "time": 1767866501.798518}