{"duration": 0.044335126876831055, "input_args": {"term": "'jelajahi'"}, "time": 1767866549.8809807}