{"duration": 0.29618000984191895, "input_args": {"term": "'literasi'"}, "time": 1767866500.8873675}