{"duration": 0.1540524959564209, "input_args": {"term": "'gaboleh'"}, "time": 1767866501.1215978}