{"duration": 0.037645578384399414, "input_args": {"term": "'hasilnya'"}, "time": 1767866604.9170327}