{"duration": 1.2835056781768799, "input_args": {"term": "'jakarta'"}, "time": 1767866567.8620849}