{"duration": 0.037627458572387695, "input_args": {"term": "'diancam'"}, "time": 1767866614.0920393}