{"duration": 0.04112696647644043, "input_args": {"term": "'perkara'"}, "time": 1767866550.7019625}