{"duration": 1.1559882164001465, "input_args": {"term": "'pakjng'"}, "time": 1767866544.8869522}