{"duration": 0.05854535102844238, "input_args": {"term": "'tet'"}, "time": 1767866525.9404767}