{"duration": 0.6617224216461182, "input_args": {"term": "'didnt'"}, "time": 1767866621.6329582}