{"duration": 2.889601945877075, "input_args": {"term": "'responya'"}, "time": 1767866577.3039336}