{"duration": 1.3926548957824707, "input_args": {"term": "'kongkow'"}, "time": 1767866576.8946238}