{"duration": 0.02512812614440918, "input_args": {"term": "'islam'"}, "time": 1767866535.9052222}