{"duration": 0.021955013275146484, "input_args": {"term": "'bumbu'"}, "time": 1767866582.8528297}