{"duration": 0.005382537841796875, "input_args": {"term": "'otaknya'"}, "time": 1767866502.530474}