{"duration": 0.844261884689331, "input_args": {"term": "'bekukan'"}, "time": 1767866555.5764086}