{"duration": 1.0780527591705322, "input_args": {"term": "'menghargai'"}, "time": 1767866516.5537395}