{"duration": 0.010462522506713867, "input_args": {"term": "'terpesona'"}, "time": 1767866501.3363135}