{"duration": 0.1760997772216797, "input_args": {"term": "'mengedit'"}, "time": 1767866518.1301413}