{"duration": 0.03879809379577637, "input_args": {"term": "'optimis'"}, "time": 1767866579.6176505}