{"duration": 1.3831896781921387, "input_args": {"term": "'khans'"}, "time": 1767866522.7892294}