{"duration": 0.01954340934753418, "input_args": {"term": "'konsekuensi'"}, "time": 1767866532.6944716}