{"duration": 0.04443812370300293, "input_args": {"term": "'lupakan'"}, "time": 1767866587.4013116}