{"duration": 0.03338265419006348, "input_args": {"term": "'tugas'"}, "time": 1767866543.294724}