{"duration": 0.20068907737731934, "input_args": {"term": "'mengingatkan'"}, "time": 1767866508.3793347}