{"duration": 0.013537168502807617, "input_args": {"term": "'balik'"}, "time": 1767866616.9646847}