{"duration": 1.2894103527069092, "input_args": {"term": "'input'"}, "time": 1767866611.9230185}