{"duration": 0.12344050407409668, "input_args": {"term": "'combo'"}, "time": 1767866501.3036726}