{"duration": 0.026966333389282227, "input_args": {"term": "'resiko'"}, "time": 1767866611.5830343}