{"duration": 0.024065732955932617, "input_args": {"term": "'lega'"}, "time": 1767866515.9562273}