{"duration": 0.038559675216674805, "input_args": {"term": "'jawabnya'"}, "time": 1767866556.7117019}