{"duration": 0.9887640476226807, "input_args": {"term": "'sunscren'"}, "time": 1767866546.0706604}