{"duration": 0.062402963638305664, "input_args": {"term": "'kt'"}, "time": 1767866513.6421363}