{"duration": 1.1382858753204346, "input_args": {"term": "'customs'"}, "time": 1767866598.1185095}