{"duration": 0.05709433555603027, "input_args": {"term": "'selisihnya'"}, "time": 1767866576.442914}