{"duration": 0.023881196975708008, "input_args": {"term": "'tutup'"}, "time": 1767866590.654955}