{"duration": 0.037691354751586914, "input_args": {"term": "'jualan'"}, "time": 1767866529.9801807}