{"duration": 0.12758994102478027, "input_args": {"term": "'membawa'"}, "time": 1767866619.592954}