{"duration": 1.3445258140563965, "input_args": {"term": "'mikirin'"}, "time": 1767866516.3136816}