{"duration": 1.4230146408081055, "input_args": {"term": "'butuhin'"}, "time": 1767866565.2369876}