{"duration": 1.0301697254180908, "input_args": {"term": "'keluarin'"}, "time": 1767866604.7982326}