{"duration": 1.0755553245544434, "input_args": {"term": "'thrifting'"}, "time": 1767866505.8872237}