{"duration": 0.017091035842895508, "input_args": {"term": "'jelek'"}, "time": 1767866559.5970354}