{"duration": 2.2533769607543945, "input_args": {"term": "'tunjanganya'"}, "time": 1767866625.4943244}