{"duration": 0.05515718460083008, "input_args": {"term": "'fyp'"}, "time": 1767866576.750428}