{"duration": 0.04305124282836914, "input_args": {"term": "'satunya'"}, "time": 1767866532.9536588}