{"duration": 3.90207839012146, "input_args": {"term": "'nahkan'"}, "time": 1767866586.8486075}