{"duration": 2.209092617034912, "input_args": {"term": "'oenganti'"}, "time": 1767866530.1019955}