{"duration": 1.2885386943817139, "input_args": {"term": "'malingin'"}, "time": 1767866505.2961242}