{"duration": 0.06494331359863281, "input_args": {"term": "'luh'"}, "time": 1767866552.9912653}