{"duration": 0.07169175148010254, "input_args": {"term": "'jar'"}, "time": 1767866542.202928}