{"duration": 0.07355165481567383, "input_args": {"term": "'bersaman'"}, "time": 1767866591.841983}