{"duration": 0.03814101219177246, "input_args": {"term": "'didoakan'"}, "time": 1767866553.4395888}