{"duration": 0.9919064044952393, "input_args": {"term": "'inimenkeu'"}, "time": 1767866566.3285728}