{"duration": 1.1524131298065186, "input_args": {"term": "'nina'"}, "time": 1767866529.851649}