{"duration": 1.1359739303588867, "input_args": {"term": "'ladenin'"}, "time": 1767866545.3540857}