{"duration": 0.026070594787597656, "input_args": {"term": "'wahai'"}, "time": 1767866619.7963114}