{"duration": 1.3380887508392334, "input_args": {"term": "'capernyaho'"}, "time": 1767866569.0939615}