{"duration": 0.04990553855895996, "input_args": {"term": "'keadilan'"}, "time": 1767866582.377268}