{"duration": 0.016948461532592773, "input_args": {"term": "'jera'"}, "time": 1767866618.3618693}