{"duration": 1.1757168769836426, "input_args": {"term": "'paksalut'"}, "time": 1767866520.6948023}