{"duration": 0.7216103076934814, "input_args": {"term": "'kemenkeu'"}, "time": 1767866561.8324757}