{"duration": 0.004099130630493164, "input_args": {"term": "'bela'"}, "time": 1767866502.4009445}