{"duration": 0.018759965896606445, "input_args": {"term": "'ketik'"}, "time": 1767866535.356417}