{"duration": 1.4057650566101074, "input_args": {"term": "'wkwkwkw'"}, "time": 1767866611.6332662}