{"duration": 0.03119969367980957, "input_args": {"term": "'dirimu'"}, "time": 1767866506.7966068}