{"duration": 3.5723328590393066, "input_args": {"term": "'beneran'"}, "time": 1767866599.3170557}