{"duration": 0.030487060546875, "input_args": {"term": "'skema'"}, "time": 1767866608.0380707}