{"duration": 1.6769838333129883, "input_args": {"term": "'chatib'"}, "time": 1767866575.793396}