{"duration": 0.022154569625854492, "input_args": {"term": "'jelajah'"}, "time": 1767866604.0833707}