{"duration": 0.01204824447631836, "input_args": {"term": "'detektif'"}, "time": 1767866535.5613983}