{"duration": 0.2204296588897705, "input_args": {"term": "'mengurus'"}, "time": 1767866605.6167078}