{"duration": 0.0215914249420166, "input_args": {"term": "'sana'"}, "time": 1767866620.3171017}