{"duration": 0.026771068572998047, "input_args": {"term": "'adakah'"}, "time": 1767866561.831834}