{"duration": 0.7627871036529541, "input_args": {"term": "'memperbaiki'"}, "time": 1767866533.1027174}