{"duration": 0.027367353439331055, "input_args": {"term": "'terang'"}, "time": 1767866558.4897902}