{"duration": 0.1845705509185791, "input_args": {"term": "'mengambarkan'"}, "time": 1767866581.365042}