{"duration": 0.39293980598449707, "input_args": {"term": "'penghuni'"}, "time": 1767866578.3904135}