{"duration": 1.3737499713897705, "input_args": {"term": "'keponakanya'"}, "time": 1767866533.7407172}