{"duration": 0.01650834083557129, "input_args": {"term": "'minta'"}, "time": 1767866596.732072}