{"duration": 1.1974046230316162, "input_args": {"term": "'suangar'"}, "time": 1767866617.9120128}