{"duration": 0.03168082237243652, "input_args": {"term": "'ialah'"}, "time": 1767866524.5575519}