{"duration": 0.01610732078552246, "input_args": {"term": "'kuat'"}, "time": 1767866628.9533725}