{"duration": 1.4194843769073486, "input_args": {"term": "'ageng'"}, "time": 1767866542.4813845}