{"duration": 1.5119562149047852, "input_args": {"term": "'mempelajari'"}, "time": 1767866542.9344957}