{"duration": 0.02945685386657715, "input_args": {"term": "'mulus'"}, "time": 1767866596.0784268}