{"duration": 1.3766708374023438, "input_args": {"term": "'wkwk'"}, "time": 1767866557.7332284}