{"duration": 0.007391691207885742, "input_args": {"term": "'tag'"}, "time": 1767866501.6380975}