{"duration": 3.9304957389831543, "input_args": {"term": "'bismilah'"}, "time": 1767866580.3626363}