{"duration": 1.2353794574737549, "input_args": {"term": "'ngabisin'"}, "time": 1767866507.9699426}