{"duration": 1.4129552841186523, "input_args": {"term": "'beter'"}, "time": 1767866510.7228477}