{"duration": 2.1831214427948, "input_args": {"term": "'pamtesan'"}, "time": 1767866601.8663685}