{"duration": 0.023720502853393555, "input_args": {"term": "'jaga'"}, "time": 1767866592.7761075}