{"duration": 0.05632829666137695, "input_args": {"term": "'urusan'"}, "time": 1767866529.7265058}