{"duration": 0.02235555648803711, "input_args": {"term": "'ingat'"}, "time": 1767866584.016622}