{"duration": 2.4761362075805664, "input_args": {"term": "'terisilanjutkan'"}, "time": 1767866617.135078}