{"duration": 0.9176030158996582, "input_args": {"term": "'majukenapa'"}, "time": 1767866536.3682969}