{"duration": 0.0065708160400390625, "input_args": {"term": "'uring'"}, "time": 1767866500.7457316}