{"duration": 2.553436279296875, "input_args": {"term": "'ukuranya'"}, "time": 1767866596.538499}