{"duration": 0.024005413055419922, "input_args": {"term": "'tangkap'"}, "time": 1767866577.8464074}