{"duration": 0.6965186595916748, "input_args": {"term": "'digerudug'"}, "time": 1767866599.8319142}