{"duration": 1.14727783203125, "input_args": {"term": "'apasih'"}, "time": 1767866629.479265}