{"duration": 0.033205270767211914, "input_args": {"term": "'dicari'"}, "time": 1767866584.8101285}