{"duration": 0.01762866973876953, "input_args": {"term": "'energik'"}, "time": 1767866618.1434724}