{"duration": 1.4385168552398682, "input_args": {"term": "'purnomo'"}, "time": 1767866587.4491026}