{"duration": 1.0615038871765137, "input_args": {"term": "'masok'"}, "time": 1767866589.999865}