{"duration": 0.8612174987792969, "input_args": {"term": "'kredibel'"}, "time": 1767866618.8613322}