{"duration": 0.9509720802307129, "input_args": {"term": "'kebobrokan'"}, "time": 1767866511.2056088}