{"duration": 1.9146091938018799, "input_args": {"term": "'menyejahterahkan'"}, "time": 1767866595.660095}