{"duration": 0.0318448543548584, "input_args": {"term": "'mesti'"}, "time": 1767866613.0573566}