{"duration": 0.05179452896118164, "input_args": {"term": "'iji'"}, "time": 1767866559.5360296}