{"duration": 1.031001329421997, "input_args": {"term": "'berakhr'"}, "time": 1767866604.4075546}