{"duration": 0.05281853675842285, "input_args": {"term": "'mempertaruhkan'"}, "time": 1767866501.0375612}