{"duration": 0.05975508689880371, "input_args": {"term": "'kinerjamu'"}, "time": 1767866500.8229823}