{"duration": 0.5005152225494385, "input_args": {"term": "'pendidikan'"}, "time": 1767866547.9241579}