{"duration": 0.11263203620910645, "input_args": {"term": "'terjadi'"}, "time": 1767866572.1740816}