{"duration": 1.0425360202789307, "input_args": {"term": "'berikanlah'"}, "time": 1767866598.9910064}