{"duration": 1.3420460224151611, "input_args": {"term": "'detrimental'"}, "time": 1767866604.461925}