{"duration": 0.357177734375, "input_args": {"term": "'bawahanya'"}, "time": 1767866500.7962346}