{"duration": 0.025176525115966797, "input_args": {"term": "'malang'"}, "time": 1767866528.0541005}