{"duration": 0.03742194175720215, "input_args": {"term": "'sepakat'"}, "time": 1767866510.4980025}