{"duration": 0.7329869270324707, "input_args": {"term": "'melakukanyakerena'"}, "time": 1767866621.5559363}