{"duration": 0.9897856712341309, "input_args": {"term": "'clear'"}, "time": 1767866618.5642173}