{"duration": 0.18362021446228027, "input_args": {"term": "'bitentu'"}, "time": 1767866500.7911758}