{"duration": 0.04454994201660156, "input_args": {"term": "'sayuran'"}, "time": 1767866577.2007573}