{"duration": 1.083265781402588, "input_args": {"term": "'musuhin'"}, "time": 1767866519.4447837}