{"duration": 0.020337820053100586, "input_args": {"term": "'legalnya'"}, "time": 1767866625.6924543}