{"duration": 0.3865227699279785, "input_args": {"term": "'pekerja'"}, "time": 1767866576.334362}