{"duration": 0.024602413177490234, "input_args": {"term": "'sreg'"}, "time": 1767866536.4330432}