{"duration": 0.24800586700439453, "input_args": {"term": "'ulti'"}, "time": 1767866501.4911613}