{"duration": 0.020673036575317383, "input_args": {"term": "'instansi'"}, "time": 1767866605.0560741}