{"duration": 0.01976299285888672, "input_args": {"term": "'berani'"}, "time": 1767866624.4362767}