{"duration": 1.1880385875701904, "input_args": {"term": "'hehehe'"}, "time": 1767866511.9675744}