{"duration": 1.357889175415039, "input_args": {"term": "'komplen'"}, "time": 1767866524.8079484}