{"duration": 0.001837015151977539, "input_args": {"term": "'kapsul'"}, "time": 1767866501.5571518}