{"duration": 2.1477866172790527, "input_args": {"term": "'laknatulah'"}, "time": 1767866623.7794418}