{"duration": 0.02116084098815918, "input_args": {"term": "'barang'"}, "time": 1767866570.56705}