{"duration": 0.03398323059082031, "input_args": {"term": "'kebaca'"}, "time": 1767866606.9791386}