{"duration": 1.152519702911377, "input_args": {"term": "'palestina'"}, "time": 1767866520.7262523}