{"duration": 0.023650407791137695, "input_args": {"term": "'rekan'"}, "time": 1767866558.4198816}