{"duration": 1.1758887767791748, "input_args": {"term": "'jagajakarta'"}, "time": 1767866550.7577887}