{"duration": 0.021614789962768555, "input_args": {"term": "'jembatan'"}, "time": 1767866511.1508946}