{"duration": 0.9865314960479736, "input_args": {"term": "'kuasamin'"}, "time": 1767866566.6746104}