{"duration": 0.04507565498352051, "input_args": {"term": "'kemacetan'"}, "time": 1767866539.3311534}