{"duration": 0.027651548385620117, "input_args": {"term": "'bantuan'"}, "time": 1767866528.362873}