{"duration": 0.020142793655395508, "input_args": {"term": "'lah'"}, "time": 1767866608.059954}