{"duration": 0.02346658706665039, "input_args": {"term": "'biasa'"}, "time": 1767866629.4856775}