{"duration": 1.082362413406372, "input_args": {"term": "'manajemn'"}, "time": 1767866573.4866967}