{"duration": 1.47566556930542, "input_args": {"term": "'daptar'"}, "time": 1767866586.828038}