{"duration": 0.02698063850402832, "input_args": {"term": "'jadi'"}, "time": 1767866576.1149752}