{"duration": 0.025357723236083984, "input_args": {"term": "'bos'"}, "time": 1767866526.160281}