{"duration": 0.026978015899658203, "input_args": {"term": "'berilmu'"}, "time": 1767866613.9928923}