{"duration": 0.03060603141784668, "input_args": {"term": "'seru'"}, "time": 1767866604.0378063}