{"duration": 1.2942845821380615, "input_args": {"term": "'simple'"}, "time": 1767866625.3955328}