{"duration": 1.1980905532836914, "input_args": {"term": "'sgera'"}, "time": 1767866545.3178093}