{"duration": 0.07458686828613281, "input_args": {"term": "'tujuan'"}, "time": 1767866598.1538806}