{"duration": 3.309035301208496, "input_args": {"term": "'pakebanyakan'"}, "time": 1767866624.8131397}