{"duration": 0.04637026786804199, "input_args": {"term": "'kesempatan'"}, "time": 1767866612.1332724}