{"duration": 0.07104611396789551, "input_args": {"term": "'sdh'"}, "time": 1767866526.6908154}