{"duration": 0.021004438400268555, "input_args": {"term": "'preman'"}, "time": 1767866505.3760471}