{"duration": 1.0764682292938232, "input_args": {"term": "'pantes'"}, "time": 1767866513.7954118}