{"duration": 0.05259990692138672, "input_args": {"term": "'cinta'"}, "time": 1767866527.256558}