{"duration": 2.801863670349121, "input_args": {"term": "'menjabatpsti'"}, "time": 1767866509.505543}