{"duration": 0.03846001625061035, "input_args": {"term": "'gubernurnya'"}, "time": 1767866589.0106134}