{"duration": 0.049117088317871094, "input_args": {"term": "'lestarikan'"}, "time": 1767866521.0230103}