{"duration": 0.39939093589782715, "input_args": {"term": "'disekolahin'"}, "time": 1767866626.1606483}