{"duration": 0.2099285125732422, "input_args": {"term": "'perkontenan'"}, "time": 1767866565.7399817}