{"duration": 1.2314112186431885, "input_args": {"term": "'nambahin'"}, "time": 1767866613.2849207}