{"duration": 0.024977445602416992, "input_args": {"term": "'terima'"}, "time": 1767866597.4598293}