{"duration": 0.02016448974609375, "input_args": {"term": "'eks'"}, "time": 1767866585.1896672}