{"duration": 0.018762826919555664, "input_args": {"term": "'mending'"}, "time": 1767866591.3718271}