{"duration": 0.279918909072876, "input_args": {"term": "'nonstan'"}, "time": 1767866501.0938637}