{"duration": 0.020458698272705078, "input_args": {"term": "'bongkar'"}, "time": 1767866521.5254555}