{"duration": 0.019294261932373047, "input_args": {"term": "'ikut'"}, "time": 1767866569.4278564}