{"duration": 0.16880011558532715, "input_args": {"term": "'inves'"}, "time": 1767866502.538795}