{"duration": 0.02048778533935547, "input_args": {"term": "'lihat'"}, "time": 1767866582.7251484}