{"duration": 1.2166666984558105, "input_args": {"term": "'indomie'"}, "time": 1767866549.4343808}