{"duration": 0.284618616104126, "input_args": {"term": "'persiapan'"}, "time": 1767866538.521028}