{"duration": 0.017383813858032227, "input_args": {"term": "'berantas'"}, "time": 1767866587.8468204}