{"duration": 2.6187498569488525, "input_args": {"term": "'ngawurawalnya'"}, "time": 1767866604.0455003}