{"duration": 0.04748129844665527, "input_args": {"term": "'setian'"}, "time": 1767866593.060985}