{"duration": 0.017421245574951172, "input_args": {"term": "'republik'"}, "time": 1767866512.4740162}