{"duration": 1.2337305545806885, "input_args": {"term": "'lowogane'"}, "time": 1767866570.2934377}