{"duration": 0.7708630561828613, "input_args": {"term": "'kesederhanan'"}, "time": 1767866618.1093607}