{"duration": 0.024799108505249023, "input_args": {"term": "'kada'"}, "time": 1767866567.0014818}