{"duration": 0.019118547439575195, "input_args": {"term": "'takut'"}, "time": 1767866545.763642}