{"duration": 0.025905370712280273, "input_args": {"term": "'teknik'"}, "time": 1767866575.8314593}