{"duration": 0.038140058517456055, "input_args": {"term": "'tertib'"}, "time": 1767866514.4343462}