{"duration": 1.4782483577728271, "input_args": {"term": "'bonafit'"}, "time": 1767866553.1502447}