{"duration": 1.259078025817871, "input_args": {"term": "'benerikhlas'"}, "time": 1767866588.4674993}