{"duration": 0.019228219985961914, "input_args": {"term": "'keras'"}, "time": 1767866553.6349254}