{"duration": 1.1749866008758545, "input_args": {"term": "'blablablablala'"}, "time": 1767866583.7668033}