{"duration": 0.014023542404174805, "input_args": {"term": "'fakultas'"}, "time": 1767866535.0376396}