{"duration": 0.017151832580566406, "input_args": {"term": "'alas'"}, "time": 1767866616.8586154}