{"duration": 1.68733549118042, "input_args": {"term": "'kewenanganya'"}, "time": 1767866541.5700102}