{"duration": 1.342320442199707, "input_args": {"term": "'bilng'"}, "time": 1767866511.425966}