{"duration": 0.15561914443969727, "input_args": {"term": "'memberdayakan'"}, "time": 1767866569.4875443}