{"duration": 0.040671586990356445, "input_args": {"term": "'dengarkan'"}, "time": 1767866608.1974277}