{"duration": 0.044409751892089844, "input_args": {"term": "'berdua'"}, "time": 1767866562.4620237}