{"duration": 0.20656967163085938, "input_args": {"term": "'kenegaran'"}, "time": 1767866502.695178}