{"duration": 1.0915231704711914, "input_args": {"term": "'conversation'"}, "time": 1767866612.6065366}