{"duration": 0.005788564682006836, "input_args": {"term": "'dipakai'"}, "time": 1767866501.682431}