{"duration": 0.14487409591674805, "input_args": {"term": "'merangkum'"}, "time": 1767866525.6777627}