{"duration": 2.7042922973632812, "input_args": {"term": "'mentreri'"}, "time": 1767866627.8505366}