{"duration": 2.6201891899108887, "input_args": {"term": "'orgnya'"}, "time": 1767866543.569338}