{"duration": 0.022844314575195312, "input_args": {"term": "'planet'"}, "time": 1767866544.4763484}