{"duration": 1.0004734992980957, "input_args": {"term": "'forces'"}, "time": 1767866534.994239}