{"duration": 0.061107635498046875, "input_args": {"term": "'re'"}, "time": 1767866587.240707}