{"duration": 0.19934773445129395, "input_args": {"term": "'pelindung'"}, "time": 1767866503.1086674}