{"duration": 1.5161247253417969, "input_args": {"term": "'pengantinya'"}, "time": 1767866516.3324685}