{"duration": 0.03489112854003906, "input_args": {"term": "'bayarnya'"}, "time": 1767866544.837158}