{"duration": 0.06391239166259766, "input_args": {"term": "'ta'"}, "time": 1767866579.1785164}