{"duration": 0.038173675537109375, "input_args": {"term": "'baguslah'"}, "time": 1767866507.9209313}