{"duration": 1.0248887538909912, "input_args": {"term": "'melangar'"}, "time": 1767866547.3506715}