{"duration": 0.024525165557861328, "input_args": {"term": "'gali'"}, "time": 1767866517.5719383}