{"duration": 0.020006179809570312, "input_args": {"term": "'taraf'"}, "time": 1767866546.1282496}