{"duration": 0.06728434562683105, "input_args": {"term": "'wil'"}, "time": 1767866593.5348842}