{"duration": 2.303978204727173, "input_args": {"term": "'ngakui'"}, "time": 1767866561.2864394}