{"duration": 1.3367924690246582, "input_args": {"term": "'jeung'"}, "time": 1767866570.8601456}