{"duration": 1.362081527709961, "input_args": {"term": "'regular'"}, "time": 1767866569.253883}