{"duration": 0.023977041244506836, "input_args": {"term": "'kepala'"}, "time": 1767866548.8295958}