{"duration": 1.4340887069702148, "input_args": {"term": "'karuane'"}, "time": 1767866542.6438332}