{"duration": 0.023892641067504883, "input_args": {"term": "'tersurat'"}, "time": 1767866502.2035022}