{"duration": 2.674687147140503, "input_args": {"term": "'cici:'"}, "time": 1767866588.0968037}