{"duration": 0.10227584838867188, "input_args": {"term": "'terasa'"}, "time": 1767866514.5404027}