{"duration": 0.0399169921875, "input_args": {"term": "'pion'"}, "time": 1767866515.653316}