{"duration": 0.035230398178100586, "input_args": {"term": "'harapan'"}, "time": 1767866589.404915}