{"duration": 0.03730607032775879, "input_args": {"term": "'tagihkan'"}, "time": 1767866530.410216}