{"duration": 0.02462291717529297, "input_args": {"term": "'elang'"}, "time": 1767866600.3957705}