{"duration": 0.012588024139404297, "input_args": {"term": "'antek'"}, "time": 1767866575.2293472}