{"duration": 0.027264833450317383, "input_args": {"term": "'mobil'"}, "time": 1767866609.3714154}