{"duration": 0.023068904876708984, "input_args": {"term": "'publik'"}, "time": 1767866588.2561467}