{"duration": 0.19130754470825195, "input_args": {"term": "'dongketika'"}, "time": 1767866500.6149366}