{"duration": 0.04321455955505371, "input_args": {"term": "'disangkal'"}, "time": 1767866611.8226757}