{"duration": 1.0859665870666504, "input_args": {"term": "'istikomah'"}, "time": 1767866515.0860314}