{"duration": 1.289565086364746, "input_args": {"term": "'bosbos'"}, "time": 1767866610.9891567}