{"duration": 0.06542515754699707, "input_args": {"term": "'prerogatifnya'"}, "time": 1767866610.7261488}