{"duration": 2.2036678791046143, "input_args": {"term": "'kapolri'"}, "time": 1767866515.165177}