{"duration": 0.05058169364929199, "input_args": {"term": "'dibawah'"}, "time": 1767866508.3545065}