{"duration": 1.4273450374603271, "input_args": {"term": "'dedlu'"}, "time": 1767866525.1790972}