{"duration": 0.04293084144592285, "input_args": {"term": "'syaratnya'"}, "time": 1767866538.0979311}