{"duration": 1.2622218132019043, "input_args": {"term": "'biarin'"}, "time": 1767866622.7981548}