{"duration": 0.020750045776367188, "input_args": {"term": "'asuransi'"}, "time": 1767866531.8822725}