{"duration": 0.01775646209716797, "input_args": {"term": "'koboi'"}, "time": 1767866592.4149456}