{"duration": 1.1853184700012207, "input_args": {"term": "'jogja'"}, "time": 1767866596.8644109}