{"duration": 1.3134167194366455, "input_args": {"term": "'lhkpn'"}, "time": 1767866613.536799}