{"duration": 0.13742399215698242, "input_args": {"term": "'pajakin'"}, "time": 1767866500.9312747}