{"duration": 1.4190688133239746, "input_args": {"term": "'heters'"}, "time": 1767866523.1324468}