{"duration": 1.4105150699615479, "input_args": {"term": "'nyetir'"}, "time": 1767866572.938446}