{"duration": 0.0198209285736084, "input_args": {"term": "'api'"}, "time": 1767866617.4420238}