{"duration": 1.2942099571228027, "input_args": {"term": "'baper'"}, "time": 1767866598.4263487}