{"duration": 0.03946948051452637, "input_args": {"term": "'dipundakmu'"}, "time": 1767866618.5639517}