{"duration": 0.01958465576171875, "input_args": {"term": "'lima'"}, "time": 1767866513.5180688}