{"duration": 1.2382822036743164, "input_args": {"term": "'youtube'"}, "time": 1767866599.7573714}