{"duration": 0.023085355758666992, "input_args": {"term": "'proses'"}, "time": 1767866570.7538528}