{"duration": 0.06426596641540527, "input_args": {"term": "'pt'"}, "time": 1767866536.8962948}