{"duration": 2.2480883598327637, "input_args": {"term": "'instansinstansi'"}, "time": 1767866516.2768078}