{"duration": 0.3571181297302246, "input_args": {"term": "'pengetahuan'"}, "time": 1767866542.0729105}