{"duration": 0.12163043022155762, "input_args": {"term": "'menumpang'"}, "time": 1767866555.111204}