{"duration": 0.01755356788635254, "input_args": {"term": "'buka'"}, "time": 1767866617.9874825}