{"duration": 0.023868560791015625, "input_args": {"term": "'lengser'"}, "time": 1767866550.121673}