{"duration": 0.02250361442565918, "input_args": {"term": "'kira'"}, "time": 1767866559.468134}