{"duration": 0.02642226219177246, "input_args": {"term": "'sat'"}, "time": 1767866509.9780934}