{"duration": 1.371666669845581, "input_args": {"term": "'ensuring'"}, "time": 1767866599.535594}