{"duration": 0.03499412536621094, "input_args": {"term": "'naf'"}, "time": 1767866527.3132398}