{"duration": 0.8324878215789795, "input_args": {"term": "'dijalan'"}, "time": 1767866583.3867345}