{"duration": 0.05270671844482422, "input_args": {"term": "'klu'"}, "time": 1767866617.7344434}