{"duration": 0.022550582885742188, "input_args": {"term": "'senen'"}, "time": 1767866544.97633}