{"duration": 0.9715807437896729, "input_args": {"term": "'membaiki'"}, "time": 1767866613.4787853}