{"duration": 0.05112266540527344, "input_args": {"term": "'bobroknya'"}, "time": 1767866591.716471}