{"duration": 0.027698040008544922, "input_args": {"term": "'intelijen'"}, "time": 1767866605.7810397}