{"duration": 0.18547344207763672, "input_args": {"term": "'menampung'"}, "time": 1767866569.5575027}