{"duration": 0.031177997589111328, "input_args": {"term": "'menu'"}, "time": 1767866558.2772827}