{"duration": 2.5335288047790527, "input_args": {"term": "'pantesan'"}, "time": 1767866565.7865715}