{"duration": 1.1583435535430908, "input_args": {"term": "'ngurangin'"}, "time": 1767866529.6953857}