{"duration": 1.1827349662780762, "input_args": {"term": "'organizations'"}, "time": 1767866527.4436421}