{"duration": 0.2609100341796875, "input_args": {"term": "'peneriman'"}, "time": 1767866545.956658}