{"duration": 0.07437252998352051, "input_args": {"term": "'teratur'"}, "time": 1767866530.3488274}