{"duration": 1.3433926105499268, "input_args": {"term": "'fasum'"}, "time": 1767866588.0524385}