{"duration": 0.021584272384643555, "input_args": {"term": "'pasar'"}, "time": 1767866545.0065615}