{"duration": 0.025784969329833984, "input_args": {"term": "'eksekutif'"}, "time": 1767866538.378274}