{"duration": 0.021733522415161133, "input_args": {"term": "'paris'"}, "time": 1767866545.5869498}