{"duration": 0.0534367561340332, "input_args": {"term": "'tempatkan'"}, "time": 1767866604.4543014}