{"duration": 0.09726333618164062, "input_args": {"term": "'terjamin'"}, "time": 1767866544.1565711}