{"duration": 0.030358314514160156, "input_args": {"term": "'tawur'"}, "time": 1767866627.3467274}