{"duration": 0.03229212760925293, "input_args": {"term": "'tukang'"}, "time": 1767866521.6206877}