{"duration": 0.03751063346862793, "input_args": {"term": "'misalnya'"}, "time": 1767866628.7856886}