{"duration": 0.39705467224121094, "input_args": {"term": "'pecinta'"}, "time": 1767866615.3360703}