{"duration": 0.007563114166259766, "input_args": {"term": "'seribu'"}, "time": 1767866501.961093}