{"duration": 1.1370460987091064, "input_args": {"term": "'realita'"}, "time": 1767866545.1358714}