{"duration": 0.2237081527709961, "input_args": {"term": "'menakjubkan'"}, "time": 1767866627.2007124}