{"duration": 0.021488428115844727, "input_args": {"term": "'otak'"}, "time": 1767866555.2300406}