{"duration": 0.06161785125732422, "input_args": {"term": "'sarat'"}, "time": 1767866594.7257366}