{"duration": 0.03819990158081055, "input_args": {"term": "'lapangan'"}, "time": 1767866600.3729484}