{"duration": 0.023806333541870117, "input_args": {"term": "'cara'"}, "time": 1767866540.6472201}