{"duration": 0.06097602844238281, "input_args": {"term": "'dipajak'"}, "time": 1767866623.0733085}