{"duration": 0.02362537384033203, "input_args": {"term": "'pahit'"}, "time": 1767866563.078178}