{"duration": 0.1368427276611328, "input_args": {"term": "'membantu'"}, "time": 1767866621.9852464}