{"duration": 1.4581422805786133, "input_args": {"term": "'rekruter'"}, "time": 1767866627.9357798}