{"duration": 0.1350867748260498, "input_args": {"term": "'terkecoh'"}, "time": 1767866520.5151768}