{"duration": 0.020334243774414062, "input_args": {"term": "'koar'"}, "time": 1767866583.2873693}