{"duration": 1.191279649734497, "input_args": {"term": "'netizen'"}, "time": 1767866596.9725497}