{"duration": 0.016791105270385742, "input_args": {"term": "'gerak'"}, "time": 1767866580.5064845}