{"duration": 0.04247331619262695, "input_args": {"term": "'kerjakan'"}, "time": 1767866520.4928799}