{"duration": 0.9073343276977539, "input_args": {"term": "'hese'"}, "time": 1767866550.125799}