{"duration": 0.30264878273010254, "input_args": {"term": "'pemula'"}, "time": 1767866617.473401}