{"duration": 3.3193199634552, "input_args": {"term": "'woilah'"}, "time": 1767866549.484018}