{"duration": 1.409351110458374, "input_args": {"term": "'habisin'"}, "time": 1767866552.6416645}