{"duration": 0.03616762161254883, "input_args": {"term": "'gini'"}, "time": 1767866594.8844357}