{"duration": 0.042084693908691406, "input_args": {"term": "'lw'"}, "time": 1767866503.2968411}