{"duration": 0.014252662658691406, "input_args": {"term": "'siap'"}, "time": 1767866565.7902887}