{"duration": 0.02646923065185547, "input_args": {"term": "'tagih'"}, "time": 1767866585.060138}