{"duration": 1.4906809329986572, "input_args": {"term": "'purpada'"}, "time": 1767866579.7439642}