{"duration": 0.0707402229309082, "input_args": {"term": "'semakin'"}, "time": 1767866524.7284505}