{"duration": 2.4101662635803223, "input_args": {"term": "'aelah'"}, "time": 1767866599.8125875}