{"duration": 0.029311656951904297, "input_args": {"term": "'pernah'"}, "time": 1767866550.0524116}