{"duration": 0.2417738437652588, "input_args": {"term": "'menyogok'"}, "time": 1767866515.6491275}