{"duration": 0.02191758155822754, "input_args": {"term": "'reses'"}, "time": 1767866534.9402792}