{"duration": 0.017476320266723633, "input_args": {"term": "'bobrok'"}, "time": 1767866530.5653584}