{"duration": 0.03927946090698242, "input_args": {"term": "'bentuk'"}, "time": 1767866558.4725559}