{"duration": 0.018941879272460938, "input_args": {"term": "'detik'"}, "time": 1767866536.652261}