{"duration": 0.0495755672454834, "input_args": {"term": "'dry'"}, "time": 1767866513.0442092}