{"duration": 0.4428589344024658, "input_args": {"term": "'kukira'"}, "time": 1767866605.8757777}