{"duration": 0.00922250747680664, "input_args": {"term": "'pk'"}, "time": 1767866502.1400895}