{"duration": 0.07628035545349121, "input_args": {"term": "'si'"}, "time": 1767866536.9406745}