{"duration": 0.017849206924438477, "input_args": {"term": "'ditambah'"}, "time": 1767866502.611569}