{"duration": 0.018977642059326172, "input_args": {"term": "'aur'"}, "time": 1767866537.1249378}