{"duration": 0.9417238235473633, "input_args": {"term": "'muha'"}, "time": 1767866562.1795428}