{"duration": 0.04699850082397461, "input_args": {"term": "'ma'"}, "time": 1767866620.1954215}