{"duration": 0.19275283813476562, "input_args": {"term": "'hahahaha'"}, "time": 1767866500.5132813}