{"duration": 0.0163421630859375, "input_args": {"term": "'tuman'"}, "time": 1767866549.5574749}