{"duration": 0.013248443603515625, "input_args": {"term": "'terpaket'"}, "time": 1767866501.7414732}