{"duration": 0.011587858200073242, "input_args": {"term": "'royong'"}, "time": 1767866554.5429142}