{"duration": 0.016811847686767578, "input_args": {"term": "'hati'"}, "time": 1767866622.9362087}