{"duration": 0.043297767639160156, "input_args": {"term": "'biarkan'"}, "time": 1767866534.6770914}