{"duration": 0.06409525871276855, "input_args": {"term": "'bersahabat'"}, "time": 1767866565.4677181}