{"duration": 0.018428564071655273, "input_args": {"term": "'benar'"}, "time": 1767866527.9508848}