{"duration": 0.06952047348022461, "input_args": {"term": "'kna'"}, "time": 1767866522.2333412}