{"duration": 0.02653050422668457, "input_args": {"term": "'redup'"}, "time": 1767866537.6188889}