{"duration": 0.034657955169677734, "input_args": {"term": "'bawahan'"}, "time": 1767866520.299738}