{"duration": 0.025507450103759766, "input_args": {"term": "'tata'"}, "time": 1767866537.3492339}