{"duration": 0.9609072208404541, "input_args": {"term": "'exbanker'"}, "time": 1767866528.6874385}