{"duration": 2.6826937198638916, "input_args": {"term": "'hatihati'"}, "time": 1767866605.171404}