{"duration": 1.349421739578247, "input_args": {"term": "'wardhana'"}, "time": 1767866523.8385816}