{"duration": 0.04197382926940918, "input_args": {"term": "'pastikan'"}, "time": 1767866615.5624402}