{"duration": 1.224125623703003, "input_args": {"term": "'stand'"}, "time": 1767866533.3522909}