{"duration": 0.06928300857543945, "input_args": {"term": "'fi'"}, "time": 1767866575.1066978}