{"duration": 2.3653934001922607, "input_args": {"term": "'pengelolan'"}, "time": 1767866542.365981}