{"duration": 1.5219061374664307, "input_args": {"term": "'smoga'"}, "time": 1767866628.088103}