{"duration": 0.03380155563354492, "input_args": {"term": "'bangun'"}, "time": 1767866614.8902533}