{"duration": 0.17864441871643066, "input_args": {"term": "'mengeluarkan'"}, "time": 1767866579.985835}