{"duration": 2.9380829334259033, "input_args": {"term": "'mulyadi'"}, "time": 1767866576.4440525}