{"duration": 0.04700446128845215, "input_args": {"term": "'gth'"}, "time": 1767866506.100427}