{"duration": 0.0019078254699707031, "input_args": {"term": "'ambil'"}, "time": 1767866502.4411457}