{"duration": 0.0016703605651855469, "input_args": {"term": "'kalau'"}, "time": 1767866501.2296414}