{"duration": 1.3498313426971436, "input_args": {"term": "'enga'"}, "time": 1767866526.8158433}