{"duration": 0.0028939247131347656, "input_args": {"term": "'pasang'"}, "time": 1767866501.0253348}