{"duration": 0.021347522735595703, "input_args": {"term": "'hukum'"}, "time": 1767866595.9892135}