{"duration": 0.04616713523864746, "input_args": {"term": "'nikmati'"}, "time": 1767866605.8406086}