{"duration": 0.06501650810241699, "input_args": {"term": "'gih'"}, "time": 1767866626.9224238}