{"duration": 0.2982826232910156, "input_args": {"term": "'angaran'"}, "time": 1767866502.5833478}