{"duration": 0.0529787540435791, "input_args": {"term": "'dki'"}, "time": 1767866603.1344645}