{"duration": 0.02707195281982422, "input_args": {"term": "'masuk'"}, "time": 1767866579.2197883}