{"duration": 0.04041004180908203, "input_args": {"term": "'mukanya'"}, "time": 1767866538.8087046}