{"duration": 0.032883644104003906, "input_args": {"term": "'ancaman'"}, "time": 1767866573.2042139}