{"duration": 1.6998765468597412, "input_args": {"term": "'ketidakberesan'"}, "time": 1767866523.5684934}