{"duration": 0.02696704864501953, "input_args": {"term": "'akademisi'"}, "time": 1767866599.6792307}