{"duration": 0.6545474529266357, "input_args": {"term": "'sehinga'"}, "time": 1767866503.7295284}