{"duration": 0.003278493881225586, "input_args": {"term": "'keluar'"}, "time": 1767866500.8314664}