{"duration": 0.020528793334960938, "input_args": {"term": "'gelap'"}, "time": 1767866629.0192835}