{"duration": 0.1351475715637207, "input_args": {"term": "'record'"}, "time": 1767866501.6400836}