{"duration": 1.0284757614135742, "input_args": {"term": "'terlindungi'"}, "time": 1767866579.7860007}