{"duration": 0.03650689125061035, "input_args": {"term": "'pangkal'"}, "time": 1767866551.860251}