{"duration": 0.0229952335357666, "input_args": {"term": "'amin'"}, "time": 1767866579.2911644}