{"duration": 0.023419618606567383, "input_args": {"term": "'untung'"}, "time": 1767866562.8542287}