{"duration": 0.01793837547302246, "input_args": {"term": "'murah'"}, "time": 1767866531.9914198}