{"duration": 0.04197335243225098, "input_args": {"term": "'secercah'"}, "time": 1767866572.7544656}