{"duration": 0.01920795440673828, "input_args": {"term": "'jet'"}, "time": 1767866581.87099}