{"duration": 1.1167526245117188, "input_args": {"term": "'travo'"}, "time": 1767866514.6521182}