{"duration": 0.3343222141265869, "input_args": {"term": "'memperbaikinya'"}, "time": 1767866609.2807937}