{"duration": 0.05835747718811035, "input_args": {"term": "'kesayangan'"}, "time": 1767866545.425199}