{"duration": 0.027379751205444336, "input_args": {"term": "'puja'"}, "time": 1767866560.2594988}