{"duration": 0.016598224639892578, "input_args": {"term": "'rapuh'"}, "time": 1767866503.1925986}