{"duration": 0.03128337860107422, "input_args": {"term": "'pungli'"}, "time": 1767866526.9678383}