{"duration": 0.9172317981719971, "input_args": {"term": "'nego'"}, "time": 1767866555.8431766}