{"duration": 0.034357309341430664, "input_args": {"term": "'bencana'"}, "time": 1767866537.0277457}