{"duration": 2.8116559982299805, "input_args": {"term": "'noncukai'"}, "time": 1767866552.9849627}