{"duration": 0.051450490951538086, "input_args": {"term": "'cr'"}, "time": 1767866555.8468103}