{"duration": 1.4626574516296387, "input_args": {"term": "'income'"}, "time": 1767866565.015712}