{"duration": 0.14366722106933594, "input_args": {"term": "'totaly'"}, "time": 1767866501.741071}