{"duration": 0.890662431716919, "input_args": {"term": "'berdasarkn'"}, "time": 1767866567.7674818}