{"duration": 1.1370809078216553, "input_args": {"term": "'korupsilebih'"}, "time": 1767866609.4823735}