{"duration": 0.023312807083129883, "input_args": {"term": "'tahun'"}, "time": 1767866505.0775123}