{"duration": 0.05938601493835449, "input_args": {"term": "'let'"}, "time": 1767866507.2085829}