{"duration": 0.03125929832458496, "input_args": {"term": "'anaknya'"}, "time": 1767866593.2080863}