{"duration": 0.017020463943481445, "input_args": {"term": "'level'"}, "time": 1767866563.1877754}