{"duration": 0.1443467140197754, "input_args": {"term": "'jawabane'"}, "time": 1767866501.7336555}