{"duration": 0.04733157157897949, "input_args": {"term": "'ui'"}, "time": 1767866535.2945979}