{"duration": 0.2787199020385742, "input_args": {"term": "'pengejaran'"}, "time": 1767866514.3981369}