{"duration": 0.9776957035064697, "input_args": {"term": "'sidak'"}, "time": 1767866506.5077195}