{"duration": 0.002118349075317383, "input_args": {"term": "'ekonom'"}, "time": 1767866502.3213892}