{"duration": 1.4438323974609375, "input_args": {"term": "'jancuk'"}, "time": 1767866576.452152}