{"duration": 0.9642925262451172, "input_args": {"term": "'ternyara'"}, "time": 1767866532.9710681}