{"duration": 1.2593026161193848, "input_args": {"term": "'copotin'"}, "time": 1767866549.372345}