{"duration": 0.0634622573852539, "input_args": {"term": "'berkembang'"}, "time": 1767866608.620127}