{"duration": 0.023120403289794922, "input_args": {"term": "'apalah'"}, "time": 1767866620.0138946}