{"duration": 0.031800031661987305, "input_args": {"term": "'sia'"}, "time": 1767866514.3216846}