{"duration": 0.022316932678222656, "input_args": {"term": "'kebal'"}, "time": 1767866619.1012173}