{"duration": 0.02376556396484375, "input_args": {"term": "'seleksi'"}, "time": 1767866568.953825}