{"duration": 0.06378316879272461, "input_args": {"term": "'ditakutkan'"}, "time": 1767866614.8890889}