{"duration": 1.3393969535827637, "input_args": {"term": "'bedusta'"}, "time": 1767866601.6411402}