{"duration": 0.1903526782989502, "input_args": {"term": "'tandain'"}, "time": 1767866500.5648477}