{"duration": 0.05616426467895508, "input_args": {"term": "'kelaparan'"}, "time": 1767866504.5797346}