{"duration": 0.05402421951293945, "input_args": {"term": "'sudahlah'"}, "time": 1767866593.6880274}