{"duration": 0.03045511245727539, "input_args": {"term": "'kuasai'"}, "time": 1767866565.5300624}