{"duration": 1.2370166778564453, "input_args": {"term": "'kayada'"}, "time": 1767866609.720643}