{"duration": 0.023377418518066406, "input_args": {"term": "'cerah'"}, "time": 1767866531.094613}