{"duration": 1.0561692714691162, "input_args": {"term": "'yangsudah'"}, "time": 1767866580.827511}