{"duration": 0.025209903717041016, "input_args": {"term": "'bacot'"}, "time": 1767866606.3343809}