{"duration": 1.2949156761169434, "input_args": {"term": "'coments'"}, "time": 1767866541.5245495}