{"duration": 0.023229598999023438, "input_args": {"term": "'sekata'"}, "time": 1767866605.5018227}