{"duration": 0.007876396179199219, "input_args": {"term": "'rt'"}, "time": 1767866501.267203}