{"duration": 0.02796196937561035, "input_args": {"term": "'pasrah'"}, "time": 1767866599.3177187}