{"duration": 0.3304166793823242, "input_args": {"term": "'skalian'"}, "time": 1767866500.8373106}