{"duration": 0.03490304946899414, "input_args": {"term": "'disat'"}, "time": 1767866618.1836512}