{"duration": 1.4257004261016846, "input_args": {"term": "'ngalahin'"}, "time": 1767866598.9284875}