{"duration": 0.0443727970123291, "input_args": {"term": "'x'"}, "time": 1767866517.9453795}