{"duration": 0.02314138412475586, "input_args": {"term": "'baru'"}, "time": 1767866615.956963}