{"duration": 0.04803752899169922, "input_args": {"term": "'kpn'"}, "time": 1767866535.701802}