{"duration": 0.031508445739746094, "input_args": {"term": "'katanya'"}, "time": 1767866555.4772499}