{"duration": 0.024622678756713867, "input_args": {"term": "'subjektif'"}, "time": 1767866542.5778234}