{"duration": 0.06975078582763672, "input_args": {"term": "'kpk'"}, "time": 1767866548.563207}