{"duration": 0.023708820343017578, "input_args": {"term": "'oper'"}, "time": 1767866527.6898785}