{"duration": 2.896733522415161, "input_args": {"term": "'mendagri'"}, "time": 1767866522.5458198}