{"duration": 0.012113571166992188, "input_args": {"term": "'aga'"}, "time": 1767866549.5102546}