{"duration": 0.05322098731994629, "input_args": {"term": "'berpihak'"}, "time": 1767866588.9286602}