{"duration": 0.016949176788330078, "input_args": {"term": "'apes'"}, "time": 1767866575.8976262}