{"duration": 0.8816401958465576, "input_args": {"term": "'comer'"}, "time": 1767866554.3461225}