{"duration": 0.01943182945251465, "input_args": {"term": "'fakta'"}, "time": 1767866614.6155438}