{"duration": 1.2463281154632568, "input_args": {"term": "'kost'"}, "time": 1767866584.1146383}