{"duration": 0.024610042572021484, "input_args": {"term": "'bakar'"}, "time": 1767866511.9297693}