{"duration": 0.04887247085571289, "input_args": {"term": "'berjaga'"}, "time": 1767866618.4233067}