{"duration": 0.06754660606384277, "input_args": {"term": "'ditutup'"}, "time": 1767866615.8115287}