{"duration": 1.286487340927124, "input_args": {"term": "'batam'"}, "time": 1767866615.7896705}