{"duration": 0.8467020988464355, "input_args": {"term": "'dinaikan'"}, "time": 1767866606.1347046}