{"duration": 0.12216782569885254, "input_args": {"term": "'op'"}, "time": 1767866586.4978793}