{"duration": 1.1166050434112549, "input_args": {"term": "'gedekalo'"}, "time": 1767866607.6098835}