{"duration": 0.018340587615966797, "input_args": {"term": "'gagal'"}, "time": 1767866565.9865103}