{"duration": 1.4385900497436523, "input_args": {"term": "'dzolim'"}, "time": 1767866565.1903598}