{"duration": 0.026981592178344727, "input_args": {"term": "'tenaga'"}, "time": 1767866519.089239}