{"duration": 0.022980213165283203, "input_args": {"term": "'purna'"}, "time": 1767866597.210687}