{"duration": 1.0469913482666016, "input_args": {"term": "'mengenay'"}, "time": 1767866515.7939835}