{"duration": 0.059706926345825195, "input_args": {"term": "'nah'"}, "time": 1767866514.240343}