{"duration": 0.008230924606323242, "input_args": {"term": "'komentar'"}, "time": 1767866501.4228363}