{"duration": 0.029942750930786133, "input_args": {"term": "'kembangkan'"}, "time": 1767866597.2819862}