{"duration": 0.008808612823486328, "input_args": {"term": "'turunkan'"}, "time": 1767866500.4447148}