{"duration": 0.04122781753540039, "input_args": {"term": "'temanya'"}, "time": 1767866596.2448528}