{"duration": 0.004868507385253906, "input_args": {"term": "'pto'"}, "time": 1767866501.1723251}