{"duration": 0.028831005096435547, "input_args": {"term": "'lubang'"}, "time": 1767866520.9181533}