{"duration": 1.1564593315124512, "input_args": {"term": "'nyahahaha'"}, "time": 1767866561.312736}