{"duration": 2.5960042476654053, "input_args": {"term": "'tujuanya'"}, "time": 1767866584.8908806}