{"duration": 0.03715658187866211, "input_args": {"term": "'puluhan'"}, "time": 1767866530.465983}