{"duration": 1.0017986297607422, "input_args": {"term": "'kemendagri'"}, "time": 1767866561.633411}