{"duration": 0.018450260162353516, "input_args": {"term": "'pindah'"}, "time": 1767866619.577264}