{"duration": 0.03350710868835449, "input_args": {"term": "'buktikan'"}, "time": 1767866630.01406}