{"duration": 0.03582000732421875, "input_args": {"term": "'visual'"}, "time": 1767866576.598513}