{"duration": 1.3364815711975098, "input_args": {"term": "'update'"}, "time": 1767866611.7682216}