{"duration": 0.0254671573638916, "input_args": {"term": "'model'"}, "time": 1767866596.8614953}