{"duration": 0.05291390419006348, "input_args": {"term": "'rupiahnya'"}, "time": 1767866557.1020684}