{"duration": 0.030686616897583008, "input_args": {"term": "'non'"}, "time": 1767866525.6760445}