{"duration": 0.016056060791015625, "input_args": {"term": "'suka'"}, "time": 1767866554.4188042}