{"duration": 3.4749693870544434, "input_args": {"term": "'pinginya'"}, "time": 1767866554.3635862}