{"duration": 0.03466033935546875, "input_args": {"term": "'anakmu'"}, "time": 1767866558.758712}