{"duration": 0.05756974220275879, "input_args": {"term": "'berbeda'"}, "time": 1767866619.7260969}