{"duration": 0.0639028549194336, "input_args": {"term": "'ful'"}, "time": 1767866615.165864}