{"duration": 0.04166245460510254, "input_args": {"term": "'bentuknya'"}, "time": 1767866593.8993077}