{"duration": 0.018627166748046875, "input_args": {"term": "'karuan'"}, "time": 1767866619.4242291}