{"duration": 0.05936408042907715, "input_args": {"term": "'im'"}, "time": 1767866511.8555372}