{"duration": 0.07628512382507324, "input_args": {"term": "'c'"}, "time": 1767866551.8264296}