{"duration": 0.5564651489257812, "input_args": {"term": "'dikecilin'"}, "time": 1767866551.2690032}