{"duration": 1.097592830657959, "input_args": {"term": "'banyaktp'"}, "time": 1767866549.5440843}