{"duration": 0.02312302589416504, "input_args": {"term": "'entah'"}, "time": 1767866615.2420247}