{"duration": 2.1247806549072266, "input_args": {"term": "'jonan'"}, "time": 1767866618.6783788}