{"duration": 1.4210665225982666, "input_args": {"term": "'taxation'"}, "time": 1767866577.4381049}