{"duration": 0.05460238456726074, "input_args": {"term": "'kemampuan'"}, "time": 1767866606.04431}