{"duration": 0.021500349044799805, "input_args": {"term": "'industri'"}, "time": 1767866610.916326}