{"duration": 0.04239177703857422, "input_args": {"term": "'sy'"}, "time": 1767866530.8223853}