{"duration": 0.03688669204711914, "input_args": {"term": "'akui'"}, "time": 1767866606.774821}