{"duration": 0.9863278865814209, "input_args": {"term": "'ofice'"}, "time": 1767866619.563189}