{"duration": 1.2931327819824219, "input_args": {"term": "'jengot'"}, "time": 1767866516.0051832}