{"duration": 1.1899998188018799, "input_args": {"term": "'uper'"}, "time": 1767866532.0892918}