{"duration": 2.367943525314331, "input_args": {"term": "'recahan'"}, "time": 1767866538.1292608}