{"duration": 0.6765651702880859, "input_args": {"term": "'seprekwensinyayg'"}, "time": 1767866589.38036}