{"duration": 0.9160122871398926, "input_args": {"term": "'menaikan'"}, "time": 1767866566.0635715}