{"duration": 0.025485754013061523, "input_args": {"term": "'memancing'"}, "time": 1767866500.5663652}