{"duration": 1.260406255722046, "input_args": {"term": "'yogja'"}, "time": 1767866616.898161}