{"duration": 0.022861480712890625, "input_args": {"term": "'omong'"}, "time": 1767866606.555735}