{"duration": 0.004419088363647461, "input_args": {"term": "'ungkap'"}, "time": 1767866502.2090626}