{"duration": 1.0920226573944092, "input_args": {"term": "'kmrin'"}, "time": 1767866619.8948889}