{"duration": 1.3805537223815918, "input_args": {"term": "'makmurudh'"}, "time": 1767866627.4203038}