{"duration": 0.039580583572387695, "input_args": {"term": "'smp'"}, "time": 1767866625.5837348}