{"duration": 0.021396398544311523, "input_args": {"term": "'bujur'"}, "time": 1767866548.3268964}