{"duration": 0.034372568130493164, "input_args": {"term": "'sreglah'"}, "time": 1767866547.1833434}