{"duration": 2.620683431625366, "input_args": {"term": "'qris'"}, "time": 1767866628.6277497}