{"duration": 1.0398240089416504, "input_args": {"term": "'orangbyg'"}, "time": 1767866530.9072955}