{"duration": 2.0083069801330566, "input_args": {"term": "'postinganya'"}, "time": 1767866590.1302004}