{"duration": 0.05207347869873047, "input_args": {"term": "'semoga'"}, "time": 1767866556.4516747}