{"duration": 0.015312910079956055, "input_args": {"term": "'rumah'"}, "time": 1767866599.9347544}