{"duration": 0.04786348342895508, "input_args": {"term": "'bubarkan'"}, "time": 1767866516.1423028}