{"duration": 0.02641773223876953, "input_args": {"term": "'maling'"}, "time": 1767866592.7411013}