{"duration": 0.07965612411499023, "input_args": {"term": "'ne'"}, "time": 1767866578.930038}