{"duration": 1.0459387302398682, "input_args": {"term": "'rakyatna'"}, "time": 1767866550.5237048}