{"duration": 0.022202491760253906, "input_args": {"term": "'maupun'"}, "time": 1767866515.793581}