{"duration": 0.03924751281738281, "input_args": {"term": "'sederhana'"}, "time": 1767866540.4900055}