{"duration": 0.035095930099487305, "input_args": {"term": "'embel'"}, "time": 1767866538.9610908}