{"duration": 2.1554770469665527, "input_args": {"term": "'anknya'"}, "time": 1767866618.3846257}