{"duration": 0.025940656661987305, "input_args": {"term": "'planing'"}, "time": 1767866556.348672}