{"duration": 0.015937089920043945, "input_args": {"term": "'paten'"}, "time": 1767866618.4448664}