{"duration": 1.269056797027588, "input_args": {"term": "'bungadulu'"}, "time": 1767866593.273349}