{"duration": 0.0035479068756103516, "input_args": {"term": "'panutan'"}, "time": 1767866500.5056386}