{"duration": 0.024031400680541992, "input_args": {"term": "'semangat'"}, "time": 1767866619.8228433}