{"duration": 0.0704345703125, "input_args": {"term": "'disatukan'"}, "time": 1767866598.7356856}