{"duration": 0.059427738189697266, "input_args": {"term": "'dipastikan'"}, "time": 1767866548.8222094}