{"duration": 0.01765584945678711, "input_args": {"term": "'paman'"}, "time": 1767866505.6119158}