{"duration": 0.029018163681030273, "input_args": {"term": "'krisis'"}, "time": 1767866594.097675}