{"duration": 0.04035377502441406, "input_args": {"term": "'dihukum'"}, "time": 1767866619.3261821}