{"duration": 0.02090740203857422, "input_args": {"term": "'heran'"}, "time": 1767866515.4636436}