{"duration": 0.06561732292175293, "input_args": {"term": "'dirumah'"}, "time": 1767866615.240671}