{"duration": 0.025637388229370117, "input_args": {"term": "'matamu'"}, "time": 1767866567.1056957}