{"duration": 0.03918790817260742, "input_args": {"term": "'judulnya'"}, "time": 1767866538.228271}