{"duration": 0.021672487258911133, "input_args": {"term": "'wah'"}, "time": 1767866545.28438}