{"duration": 0.02417755126953125, "input_args": {"term": "'patah'"}, "time": 1767866606.1588764}