{"duration": 0.16067290306091309, "input_args": {"term": "'mantabtindak'"}, "time": 1767866501.152205}