{"duration": 1.9091007709503174, "input_args": {"term": "'pian'"}, "time": 1767866621.9397328}