{"duration": 0.9387974739074707, "input_args": {"term": "'utilize'"}, "time": 1767866549.9797091}