{"duration": 0.008820772171020508, "input_args": {"term": "'byr'"}, "time": 1767866502.5464654}