{"duration": 1.1249408721923828, "input_args": {"term": "'susahyg'"}, "time": 1767866550.6457746}