{"duration": 2.282729148864746, "input_args": {"term": "'wanti'"}, "time": 1767866591.4811568}