{"duration": 2.6302483081817627, "input_args": {"term": "'mnjdi'"}, "time": 1767866606.297572}