{"duration": 0.012582063674926758, "input_args": {"term": "'alias'"}, "time": 1767866614.0396929}