{"duration": 0.02767205238342285, "input_args": {"term": "'membaik'"}, "time": 1767866500.6541927}