{"duration": 0.6987078189849854, "input_args": {"term": "'berbisnis'"}, "time": 1767866573.4607706}