{"duration": 0.026575326919555664, "input_args": {"term": "'belangnya'"}, "time": 1767866521.3081856}