{"duration": 0.017116785049438477, "input_args": {"term": "'demokrasi'"}, "time": 1767866539.8024282}