{"duration": 0.03893589973449707, "input_args": {"term": "'ilmunya'"}, "time": 1767866567.41604}