{"duration": 0.014838457107543945, "input_args": {"term": "'elektro'"}, "time": 1767866621.7124927}