{"duration": 0.02680826187133789, "input_args": {"term": "'narasi'"}, "time": 1767866610.958824}