{"duration": 0.9866364002227783, "input_args": {"term": "'dibilangin'"}, "time": 1767866628.4384875}