{"duration": 0.3228309154510498, "input_args": {"term": "'pendukungnya'"}, "time": 1767866526.1342773}