{"duration": 0.022775650024414062, "input_args": {"term": "'cilok'"}, "time": 1767866560.284529}