{"duration": 0.034287214279174805, "input_args": {"term": "'bagusnya'"}, "time": 1767866506.5683022}