{"duration": 0.05523991584777832, "input_args": {"term": "'tulisan'"}, "time": 1767866564.9196777}