{"duration": 0.06299948692321777, "input_args": {"term": "'nya'"}, "time": 1767866577.3172553}