{"duration": 0.23723363876342773, "input_args": {"term": "'perpajakan'"}, "time": 1767866613.485145}