{"duration": 0.03939509391784668, "input_args": {"term": "'dibelakang'"}, "time": 1767866615.9049144}