{"duration": 0.03025650978088379, "input_args": {"term": "'pengabdian'"}, "time": 1767866501.6071932}