{"duration": 1.3199987411499023, "input_args": {"term": "'operates'"}, "time": 1767866522.7606742}