{"duration": 1.2761218547821045, "input_args": {"term": "'atack'"}, "time": 1767866588.6048286}