{"duration": 0.021919727325439453, "input_args": {"term": "'mang'"}, "time": 1767866576.8285763}