{"duration": 0.0251924991607666, "input_args": {"term": "'sentil'"}, "time": 1767866514.6813824}