{"duration": 0.7664124965667725, "input_args": {"term": "'dispenda'"}, "time": 1767866614.8835962}