{"duration": 1.151155710220337, "input_args": {"term": "'tangal'"}, "time": 1767866598.0192192}