{"duration": 0.040454864501953125, "input_args": {"term": "'percayakan'"}, "time": 1767866611.1402154}