{"duration": 0.0135498046875, "input_args": {"term": "'getar'"}, "time": 1767866502.9697797}