{"duration": 0.03815650939941406, "input_args": {"term": "'tantangan'"}, "time": 1767866528.8810978}