{"duration": 0.03349757194519043, "input_args": {"term": "'nyaman'"}, "time": 1767866591.893493}