{"duration": 0.20672035217285156, "input_args": {"term": "'mengangkat'"}, "time": 1767866546.899276}