{"duration": 1.5633487701416016, "input_args": {"term": "'berkreasisemuanya'"}, "time": 1767866530.1280668}