{"duration": 0.06783914566040039, "input_args": {"term": "'segampang'"}, "time": 1767866584.9853585}