{"duration": 0.13677000999450684, "input_args": {"term": "'terlibat'"}, "time": 1767866585.6296751}