{"duration": 0.01979684829711914, "input_args": {"term": "'ain'"}, "time": 1767866528.7746747}