{"duration": 0.13593220710754395, "input_args": {"term": "'menjarah'"}, "time": 1767866528.7802627}