{"duration": 0.03204941749572754, "input_args": {"term": "'cerminan'"}, "time": 1767866593.2880478}