{"duration": 0.024985790252685547, "input_args": {"term": "'korban'"}, "time": 1767866505.0377514}