{"duration": 0.02944326400756836, "input_args": {"term": "'barisan'"}, "time": 1767866561.5341847}