{"duration": 1.0125534534454346, "input_args": {"term": "'beliyg'"}, "time": 1767866530.7572014}