{"duration": 0.09852313995361328, "input_args": {"term": "'maksiat'"}, "time": 1767866537.925473}