{"duration": 0.029285669326782227, "input_args": {"term": "'senyum'"}, "time": 1767866519.1666784}