{"duration": 0.0396275520324707, "input_args": {"term": "'pujian'"}, "time": 1767866505.601795}