{"duration": 1.1929914951324463, "input_args": {"term": "'datangin'"}, "time": 1767866559.3235612}