{"duration": 0.03210306167602539, "input_args": {"term": "'berubah'"}, "time": 1767866554.6528847}