{"duration": 0.0045850276947021484, "input_args": {"term": "'dinasnya'"}, "time": 1767866501.2877767}