{"duration": 0.03016972541809082, "input_args": {"term": "'peringkat'"}, "time": 1767866585.9526448}