{"duration": 0.9122424125671387, "input_args": {"term": "'untk'"}, "time": 1767866566.5094342}