{"duration": 2.2441582679748535, "input_args": {"term": "'pansosjngan'"}, "time": 1767866582.9561508}