{"duration": 0.8782365322113037, "input_args": {"term": "'mengetahui'"}, "time": 1767866562.7489433}