{"duration": 0.028538942337036133, "input_args": {"term": "'ngeri'"}, "time": 1767866525.795543}