{"duration": 2.317667245864868, "input_args": {"term": "'negri'"}, "time": 1767866505.4423802}