{"duration": 1.3183140754699707, "input_args": {"term": "'menkeusuka'"}, "time": 1767866571.2517276}