{"duration": 0.05620145797729492, "input_args": {"term": "'dimulai'"}, "time": 1767866602.7982075}