{"duration": 0.018350839614868164, "input_args": {"term": "'sejahtera'"}, "time": 1767866553.7747202}