{"duration": 0.026890993118286133, "input_args": {"term": "'pesawat'"}, "time": 1767866532.2562108}