{"duration": 0.6807866096496582, "input_args": {"term": "'sekarsng'"}, "time": 1767866621.267155}