{"duration": 0.019155025482177734, "input_args": {"term": "'kaum'"}, "time": 1767866536.6080236}