{"duration": 0.028047800064086914, "input_args": {"term": "'kelola'"}, "time": 1767866582.0956063}