{"duration": 1.418260097503662, "input_args": {"term": "'nunguin'"}, "time": 1767866576.8261685}