{"duration": 1.3085136413574219, "input_args": {"term": "'walikota'"}, "time": 1767866526.188714}