{"duration": 0.03511404991149902, "input_args": {"term": "'keliatan'"}, "time": 1767866554.0277686}