{"duration": 0.042833805084228516, "input_args": {"term": "'udang'"}, "time": 1767866598.9195642}