{"duration": 0.025768518447875977, "input_args": {"term": "'tes'"}, "time": 1767866543.3245513}