{"duration": 0.02496051788330078, "input_args": {"term": "'polusi'"}, "time": 1767866569.731901}