{"duration": 0.01831650733947754, "input_args": {"term": "'hilang'"}, "time": 1767866619.3328245}