{"duration": 1.4042344093322754, "input_args": {"term": "'pangsiun'"}, "time": 1767866565.2998085}