{"duration": 1.3628883361816406, "input_args": {"term": "'adekadek'"}, "time": 1767866624.9285216}