{"duration": 0.04160189628601074, "input_args": {"term": "'awalan'"}, "time": 1767866553.3399405}