{"duration": 0.3187754154205322, "input_args": {"term": "'khan'"}, "time": 1767866502.4125812}