{"duration": 0.029828786849975586, "input_args": {"term": "'ketus'"}, "time": 1767866571.243009}