{"duration": 0.024116039276123047, "input_args": {"term": "'kumpul'"}, "time": 1767866529.2767448}