{"duration": 1.0519649982452393, "input_args": {"term": "'clas'"}, "time": 1767866531.5788922}