{"duration": 0.02826213836669922, "input_args": {"term": "'serakah'"}, "time": 1767866625.1425405}