{"duration": 0.9823901653289795, "input_args": {"term": "'dicintai'"}, "time": 1767866574.5752916}