{"duration": 0.24199891090393066, "input_args": {"term": "'menghujat'"}, "time": 1767866564.7443886}