{"duration": 0.013939857482910156, "input_args": {"term": "'rakyat'"}, "time": 1767866502.9939492}