{"duration": 1.3523902893066406, "input_args": {"term": "'ygmbayar'"}, "time": 1767866577.6813624}