{"duration": 0.030482053756713867, "input_args": {"term": "'opini'"}, "time": 1767866528.1598673}