{"duration": 0.07259750366210938, "input_args": {"term": "'nu'"}, "time": 1767866594.8486667}