{"duration": 0.044441938400268555, "input_args": {"term": "'sengsara'"}, "time": 1767866623.9231489}