{"duration": 1.4234743118286133, "input_args": {"term": "'president'"}, "time": 1767866557.6630495}