{"duration": 1.175215244293213, "input_args": {"term": "'gebrakan'"}, "time": 1767866553.8295708}