{"duration": 0.026171207427978516, "input_args": {"term": "'pakan'"}, "time": 1767866579.887374}