{"duration": 0.022936344146728516, "input_args": {"term": "'ogah'"}, "time": 1767866586.9942093}