{"duration": 0.02851557731628418, "input_args": {"term": "'oknum'"}, "time": 1767866552.0673559}