{"duration": 0.051049232482910156, "input_args": {"term": "'kdm'"}, "time": 1767866629.5953505}