{"duration": 0.02138805389404297, "input_args": {"term": "'istri'"}, "time": 1767866507.2631788}