{"duration": 0.021657943725585938, "input_args": {"term": "'hitam'"}, "time": 1767866580.3152683}