{"duration": 0.019721269607543945, "input_args": {"term": "'flora'"}, "time": 1767866503.8631115}