{"duration": 0.04249286651611328, "input_args": {"term": "'sekeren'"}, "time": 1767866609.2385395}