{"duration": 0.01790308952331543, "input_args": {"term": "'aset'"}, "time": 1767866583.6231058}