{"duration": 0.06546378135681152, "input_args": {"term": "'beruntung'"}, "time": 1767866517.005469}