{"duration": 1.2659993171691895, "input_args": {"term": "'cyberpunk'"}, "time": 1767866505.4926276}