{"duration": 0.21114683151245117, "input_args": {"term": "'menginginkan'"}, "time": 1767866563.8807995}