{"duration": 0.06310892105102539, "input_args": {"term": "'yah'"}, "time": 1767866538.6443696}