{"duration": 0.02881765365600586, "input_args": {"term": "'allah'"}, "time": 1767866538.0141888}