{"duration": 1.4473755359649658, "input_args": {"term": "'dzalik'"}, "time": 1767866543.0731041}