{"duration": 0.022740840911865234, "input_args": {"term": "'siapa'"}, "time": 1767866527.402042}