{"duration": 1.6382639408111572, "input_args": {"term": "'ataw'"}, "time": 1767866575.584679}