{"duration": 0.9025661945343018, "input_args": {"term": "'melawan'"}, "time": 1767866612.3024886}