{"duration": 2.1439740657806396, "input_args": {"term": "'disiplinkami'"}, "time": 1767866545.6971352}