{"duration": 2.5345165729522705, "input_args": {"term": "'krjanya'"}, "time": 1767866517.1543965}