{"duration": 0.025724411010742188, "input_args": {"term": "'dibebaskan'"}, "time": 1767866565.8363612}