{"duration": 1.4912428855895996, "input_args": {"term": "'angota'"}, "time": 1767866574.974271}