{"duration": 0.8875095844268799, "input_args": {"term": "'view'"}, "time": 1767866555.8312514}