{"duration": 0.6680123805999756, "input_args": {"term": "'dinulang'"}, "time": 1767866506.561095}