{"duration": 0.02352309226989746, "input_args": {"term": "'wong'"}, "time": 1767866617.5247052}