{"duration": 1.2663817405700684, "input_args": {"term": "'doank'"}, "time": 1767866532.2809753}