{"duration": 0.05126190185546875, "input_args": {"term": "'dih'"}, "time": 1767866620.383568}