{"duration": 0.023196935653686523, "input_args": {"term": "'konten'"}, "time": 1767866586.285946}