{"duration": 0.026604413986206055, "input_args": {"term": "'lupa'"}, "time": 1767866610.4982743}