{"duration": 0.03313946723937988, "input_args": {"term": "'sowan'"}, "time": 1767866568.1925685}