{"duration": 0.036792755126953125, "input_args": {"term": "'tangan'"}, "time": 1767866593.9909866}