{"duration": 0.05927634239196777, "input_args": {"term": "'berguna'"}, "time": 1767866628.3507257}