{"duration": 1.3465723991394043, "input_args": {"term": "'beasiwa'"}, "time": 1767866505.2518275}