{"duration": 0.014391422271728516, "input_args": {"term": "'jua'"}, "time": 1767866528.473374}