{"duration": 0.7711930274963379, "input_args": {"term": "'berbagai'"}, "time": 1767866616.812631}