{"duration": 0.019925594329833984, "input_args": {"term": "'mark'"}, "time": 1767866542.5474946}