{"duration": 0.019301652908325195, "input_args": {"term": "'jalan'"}, "time": 1767866547.128307}