{"duration": 0.016313552856445312, "input_args": {"term": "'dukung'"}, "time": 1767866589.593008}