{"duration": 1.0864710807800293, "input_args": {"term": "'beginilah'"}, "time": 1767866580.8229792}