{"duration": 0.8541288375854492, "input_args": {"term": "'risih'"}, "time": 1767866534.215193}