{"duration": 0.056685686111450195, "input_args": {"term": "'bkn'"}, "time": 1767866608.766071}