{"duration": 0.024173736572265625, "input_args": {"term": "'mirip'"}, "time": 1767866558.1892805}