{"duration": 0.003632068634033203, "input_args": {"term": "'mulut'"}, "time": 1767866500.8747947}