{"duration": 0.16661357879638672, "input_args": {"term": "'pemalak'"}, "time": 1767866554.4765904}