{"duration": 0.04689812660217285, "input_args": {"term": "'putri'"}, "time": 1767866523.082099}