{"duration": 0.03902602195739746, "input_args": {"term": "'musuhnya'"}, "time": 1767866587.7458942}