{"duration": 3.681593179702759, "input_args": {"term": "'binya'"}, "time": 1767866593.7962768}