{"duration": 0.014863729476928711, "input_args": {"term": "'berat'"}, "time": 1767866533.290917}