{"duration": 1.3245985507965088, "input_args": {"term": "'apbn'"}, "time": 1767866592.9594028}