{"duration": 0.22970128059387207, "input_args": {"term": "'pendapat'"}, "time": 1767866555.6171997}