{"duration": 2.1405882835388184, "input_args": {"term": "'perbankankayanya'"}, "time": 1767866603.0407577}