{"duration": 0.02820110321044922, "input_args": {"term": "'transportasi'"}, "time": 1767866522.132539}