{"duration": 0.030524015426635742, "input_args": {"term": "'mungkin'"}, "time": 1767866584.5508757}