{"duration": 0.021289825439453125, "input_args": {"term": "'jir'"}, "time": 1767866594.9259555}