{"duration": 0.02372145652770996, "input_args": {"term": "'jangan'"}, "time": 1767866524.8700352}