{"duration": 0.6408486366271973, "input_args": {"term": "'dipersulitkn'"}, "time": 1767866550.2899451}