{"duration": 1.296353816986084, "input_args": {"term": "'mafin'"}, "time": 1767866521.3841772}