{"duration": 0.05489015579223633, "input_args": {"term": "'nha'"}, "time": 1767866604.584167}