{"duration": 0.04524111747741699, "input_args": {"term": "'gunakan'"}, "time": 1767866531.661046}