{"duration": 0.12575626373291016, "input_args": {"term": "'memudahkanmu'"}, "time": 1767866530.7859402}