{"duration": 0.023578882217407227, "input_args": {"term": "'marah'"}, "time": 1767866552.990145}