{"duration": 0.9640579223632812, "input_args": {"term": "'national'"}, "time": 1767866630.227656}