{"duration": 0.013746023178100586, "input_args": {"term": "'andai'"}, "time": 1767866543.8184245}