{"duration": 0.18500018119812012, "input_args": {"term": "'gercep'"}, "time": 1767866500.645488}