{"duration": 0.04577469825744629, "input_args": {"term": "'kesimpulan'"}, "time": 1767866566.9879916}