{"duration": 0.056938886642456055, "input_args": {"term": "'rip'"}, "time": 1767866539.017749}