{"duration": 0.0373845100402832, "input_args": {"term": "'didaerah'"}, "time": 1767866511.4641652}