{"duration": 1.2193002700805664, "input_args": {"term": "'website'"}, "time": 1767866567.6324406}