{"duration": 1.0671970844268799, "input_args": {"term": "'meteri'"}, "time": 1767866624.241667}