{"duration": 0.044701576232910156, "input_args": {"term": "'lindungi'"}, "time": 1767866516.1860263}