{"duration": 0.027097463607788086, "input_args": {"term": "'lemah'"}, "time": 1767866615.3225539}