{"duration": 0.03520083427429199, "input_args": {"term": "'periode'"}, "time": 1767866521.802154}