{"duration": 0.061901092529296875, "input_args": {"term": "'sehebat'"}, "time": 1767866583.3722613}