{"duration": 0.012738704681396484, "input_args": {"term": "'indah'"}, "time": 1767866535.115437}