{"duration": 0.020858049392700195, "input_args": {"term": "'rekrutmen'"}, "time": 1767866570.8690848}