{"duration": 0.06101799011230469, "input_args": {"term": "'tk'"}, "time": 1767866621.7954814}