{"duration": 0.01665496826171875, "input_args": {"term": "'pekan'"}, "time": 1767866629.946216}