{"duration": 0.0569455623626709, "input_args": {"term": "'jpo'"}, "time": 1767866575.6879704}