{"duration": 0.22936248779296875, "input_args": {"term": "'penghasilan'"}, "time": 1767866630.4449883}