{"duration": 3.289558172225952, "input_args": {"term": "'halamanegerinya'"}, "time": 1767866532.2786355}