{"duration": 1.4098823070526123, "input_args": {"term": "'wakakakakamenkeu'"}, "time": 1767866594.7370281}