{"duration": 0.009200572967529297, "input_args": {"term": "'berpijak'"}, "time": 1767866502.4330738}