{"duration": 0.04870486259460449, "input_args": {"term": "'kerajanya'"}, "time": 1767866621.6430798}