{"duration": 2.6702377796173096, "input_args": {"term": "'bgini'"}, "time": 1767866526.6847003}