{"duration": 0.04331207275390625, "input_args": {"term": "'matematika'"}, "time": 1767866578.1334233}