{"duration": 0.023645877838134766, "input_args": {"term": "'bagus'"}, "time": 1767866597.8068843}