{"duration": 0.039818763732910156, "input_args": {"term": "'levelnya'"}, "time": 1767866611.0573363}