{"duration": 0.05194258689880371, "input_args": {"term": "'i'"}, "time": 1767866547.2309482}