{"duration": 0.2703399658203125, "input_args": {"term": "'lulusanya'"}, "time": 1767866501.3175137}