{"duration": 0.012682676315307617, "input_args": {"term": "'kau'"}, "time": 1767866566.0315614}