{"duration": 0.01812601089477539, "input_args": {"term": "'geng'"}, "time": 1767866506.141677}