{"duration": 0.02213740348815918, "input_args": {"term": "'pemberani'"}, "time": 1767866500.869261}