{"duration": 0.020181655883789062, "input_args": {"term": "'paling'"}, "time": 1767866527.4616508}