{"duration": 0.023702621459960938, "input_args": {"term": "'tanyakan'"}, "time": 1767866535.4980834}