{"duration": 0.01940178871154785, "input_args": {"term": "'setia'"}, "time": 1767866614.316838}