{"duration": 2.414757013320923, "input_args": {"term": "'ngelawan'"}, "time": 1767866539.489515}