{"duration": 0.04337430000305176, "input_args": {"term": "'masyalah'"}, "time": 1767866557.0093749}