{"duration": 0.019156455993652344, "input_args": {"term": "'langit'"}, "time": 1767866541.2651932}