{"duration": 0.025940418243408203, "input_args": {"term": "'sosok'"}, "time": 1767866616.3223343}