{"duration": 0.016303062438964844, "input_args": {"term": "'jamban'"}, "time": 1767866530.846776}