{"duration": 0.048963069915771484, "input_args": {"term": "'disebar'"}, "time": 1767866530.9827297}