{"duration": 1.0016400814056396, "input_args": {"term": "'hargabuakn'"}, "time": 1767866629.718747}