{"duration": 0.025799036026000977, "input_args": {"term": "'halaman'"}, "time": 1767866619.9531562}