{"duration": 0.024206876754760742, "input_args": {"term": "'pulau'"}, "time": 1767866619.7257931}