{"duration": 0.1628861427307129, "input_args": {"term": "'merasakan'"}, "time": 1767866523.0699728}