{"duration": 0.03243398666381836, "input_args": {"term": "'jatah'"}, "time": 1767866517.4965742}