{"duration": 0.0029723644256591797, "input_args": {"term": "'cek'"}, "time": 1767866502.0819836}