{"duration": 1.5829346179962158, "input_args": {"term": "'sblm'"}, "time": 1767866575.2413132}