{"duration": 0.8910608291625977, "input_args": {"term": "'ditjen'"}, "time": 1767866510.384851}