{"duration": 0.007500410079956055, "input_args": {"term": "'lepaskanlah'"}, "time": 1767866500.8315532}