{"duration": 0.02762889862060547, "input_args": {"term": "'ide'"}, "time": 1767866535.0009363}