{"duration": 0.9365983009338379, "input_args": {"term": "'background'"}, "time": 1767866562.983691}