{"duration": 0.04838871955871582, "input_args": {"term": "'kementerian'"}, "time": 1767866626.122594}