{"duration": 0.08592844009399414, "input_args": {"term": "'terakhir'"}, "time": 1767866511.3937836}