{"duration": 1.4786736965179443, "input_args": {"term": "'slide'"}, "time": 1767866627.8498313}