{"duration": 0.9996347427368164, "input_args": {"term": "'soekarno'"}, "time": 1767866597.5923154}