{"duration": 0.039808034896850586, "input_args": {"term": "'olah'"}, "time": 1767866599.097422}