{"duration": 2.24583101272583, "input_args": {"term": "'bilangkami'"}, "time": 1767866613.9324567}