{"duration": 0.003266572952270508, "input_args": {"term": "'konsultasi'"}, "time": 1767866501.4507675}