{"duration": 1.1416096687316895, "input_args": {"term": "'nitip'"}, "time": 1767866560.7784991}