{"duration": 0.03085017204284668, "input_args": {"term": "'produsen'"}, "time": 1767866550.0908022}