{"duration": 1.1189043521881104, "input_args": {"term": "'stei'"}, "time": 1767866631.3927953}