{"duration": 3.564434289932251, "input_args": {"term": "'gakan'"}, "time": 1767866517.361019}