{"duration": 1.2586498260498047, "input_args": {"term": "'boediono'"}, "time": 1767866504.974148}