{"duration": 0.8736426830291748, "input_args": {"term": "'dikadalin'"}, "time": 1767866596.3378513}