{"duration": 0.002688884735107422, "input_args": {"term": "'drama'"}, "time": 1767866501.9669006}