{"duration": 0.08381772041320801, "input_args": {"term": "'diminta'"}, "time": 1767866575.4036462}