{"duration": 0.020590543746948242, "input_args": {"term": "'lancar'"}, "time": 1767866558.6126502}