{"duration": 0.979238748550415, "input_args": {"term": "'merintis'"}, "time": 1767866533.24533}