{"duration": 1.3798179626464844, "input_args": {"term": "'ngeles'"}, "time": 1767866523.3253546}