{"duration": 1.0996456146240234, "input_args": {"term": "'jang'"}, "time": 1767866567.2708325}