{"duration": 0.054395198822021484, "input_args": {"term": "'al'"}, "time": 1767866588.320768}