{"duration": 0.04357433319091797, "input_args": {"term": "'mujur'"}, "time": 1767866530.1699762}