{"duration": 0.14415264129638672, "input_args": {"term": "'nuduh'"}, "time": 1767866502.6925995}