{"duration": 0.04311013221740723, "input_args": {"term": "'kekuasanya'"}, "time": 1767866530.0265412}