{"duration": 0.09037327766418457, "input_args": {"term": "'teruji'"}, "time": 1767866565.1237898}