{"duration": 0.021691560745239258, "input_args": {"term": "'salah'"}, "time": 1767866509.3016024}