{"duration": 0.17465710639953613, "input_args": {"term": "'batuka'"}, "time": 1767866500.7745464}