{"duration": 1.3869893550872803, "input_args": {"term": "'beadu'"}, "time": 1767866569.7149215}