{"duration": 0.037802696228027344, "input_args": {"term": "'menghabiskan'"}, "time": 1767866500.5186985}