{"duration": 0.15066981315612793, "input_args": {"term": "'orangorang'"}, "time": 1767866502.1390743}