{"duration": 1.1042184829711914, "input_args": {"term": "'majakin'"}, "time": 1767866560.045885}