{"duration": 0.05558586120605469, "input_args": {"term": "'aok'"}, "time": 1767866517.844087}