{"duration": 0.889697790145874, "input_args": {"term": "'kendor'"}, "time": 1767866613.3216467}