{"duration": 0.008604764938354492, "input_args": {"term": "'waktunya'"}, "time": 1767866500.4352903}