{"duration": 0.03522777557373047, "input_args": {"term": "'gayanya'"}, "time": 1767866541.2062795}