{"duration": 0.18058109283447266, "input_args": {"term": "'menemukan'"}, "time": 1767866613.8353434}