{"duration": 0.025883913040161133, "input_args": {"term": "'perempuan'"}, "time": 1767866575.4115658}