{"duration": 0.060021400451660156, "input_args": {"term": "'ys'"}, "time": 1767866571.7413182}