{"duration": 1.1058237552642822, "input_args": {"term": "'lgsung'"}, "time": 1767866614.978514}