{"duration": 1.0871684551239014, "input_args": {"term": "'harapantiap'"}, "time": 1767866582.2062252}