{"duration": 0.013801097869873047, "input_args": {"term": "'jauh'"}, "time": 1767866554.4642336}