{"duration": 0.015120267868041992, "input_args": {"term": "'mangkir'"}, "time": 1767866599.7801983}