{"duration": 1.2233858108520508, "input_args": {"term": "'kalu'"}, "time": 1767866505.6222382}