{"duration": 1.2542192935943604, "input_args": {"term": "'institutions'"}, "time": 1767866505.1355963}