{"duration": 1.1067216396331787, "input_args": {"term": "'manchester'"}, "time": 1767866505.7178063}