{"duration": 1.207916259765625, "input_args": {"term": "'yayou'"}, "time": 1767866629.302451}