{"duration": 0.6617350578308105, "input_args": {"term": "'kebanyakn'"}, "time": 1767866528.489334}