{"duration": 0.03398704528808594, "input_args": {"term": "'lanjutkan'"}, "time": 1767866535.311806}