{"duration": 0.16738605499267578, "input_args": {"term": "'gapapa'"}, "time": 1767866500.8317952}