{"duration": 0.25267529487609863, "input_args": {"term": "'pencakar'"}, "time": 1767866546.3859267}