{"duration": 0.021917343139648438, "input_args": {"term": "'indonesia'"}, "time": 1767866552.8755665}