{"duration": 1.3573274612426758, "input_args": {"term": "'presure'"}, "time": 1767866516.938729}