{"duration": 0.026714563369750977, "input_args": {"term": "'donasi'"}, "time": 1767866584.471115}