{"duration": 0.13391518592834473, "input_args": {"term": "'mengerakan'"}, "time": 1767866565.968247}