{"duration": 0.027611494064331055, "input_args": {"term": "'kereta'"}, "time": 1767866590.3867598}