{"duration": 1.4625258445739746, "input_args": {"term": "'tindakan'"}, "time": 1767866543.0458086}