{"duration": 1.3951966762542725, "input_args": {"term": "'wukwuk'"}, "time": 1767866510.7376401}