{"duration": 0.029624223709106445, "input_args": {"term": "'dijamin'"}, "time": 1767866502.7301247}