{"duration": 2.438156843185425, "input_args": {"term": "'astagfirulah'"}, "time": 1767866565.6360288}