{"duration": 1.302154302597046, "input_args": {"term": "'legend'"}, "time": 1767866623.0804498}