{"duration": 0.949397087097168, "input_args": {"term": "'cangkem'"}, "time": 1767866535.3950055}