{"duration": 1.2621593475341797, "input_args": {"term": "'asia'"}, "time": 1767866625.3197675}