{"duration": 1.4021334648132324, "input_args": {"term": "'mnrt'"}, "time": 1767866587.045635}