{"duration": 0.013730525970458984, "input_args": {"term": "'terekam'"}, "time": 1767866501.3158514}