{"duration": 0.016368627548217773, "input_args": {"term": "'esai'"}, "time": 1767866535.5133183}