{"duration": 0.025038957595825195, "input_args": {"term": "'keliru'"}, "time": 1767866509.8438442}