{"duration": 1.4996464252471924, "input_args": {"term": "'ngeyel'"}, "time": 1767866552.0776625}