{"duration": 0.04113888740539551, "input_args": {"term": "'rupanya'"}, "time": 1767866617.8544612}