{"duration": 0.010317564010620117, "input_args": {"term": "'bc'"}, "time": 1767866502.0474422}