{"duration": 1.1122915744781494, "input_args": {"term": "'ferguso'"}, "time": 1767866536.7232664}