{"duration": 1.7595806121826172, "input_args": {"term": "'kerjan'"}, "time": 1767866594.5870764}