{"duration": 0.024849891662597656, "input_args": {"term": "'tua'"}, "time": 1767866621.0209484}