{"duration": 1.3467111587524414, "input_args": {"term": "'hansip'"}, "time": 1767866543.8183644}