{"duration": 0.7222557067871094, "input_args": {"term": "'dipalakin'"}, "time": 1767866531.328111}