{"duration": 0.055927276611328125, "input_args": {"term": "'oan'"}, "time": 1767866581.2068393}