{"duration": 0.02494668960571289, "input_args": {"term": "'peras'"}, "time": 1767866543.0128057}