{"duration": 1.1776156425476074, "input_args": {"term": "'pertamina'"}, "time": 1767866558.3098376}