{"duration": 0.027902603149414062, "input_args": {"term": "'gambar'"}, "time": 1767866586.8165715}