{"duration": 0.028921842575073242, "input_args": {"term": "'masa'"}, "time": 1767866590.8434496}