{"duration": 0.057570695877075195, "input_args": {"term": "'temukan'"}, "time": 1767866604.6558747}