{"duration": 0.025461196899414062, "input_args": {"term": "'beli'"}, "time": 1767866518.413693}