{"duration": 0.013051748275756836, "input_args": {"term": "'seluas'"}, "time": 1767866500.4254262}