{"duration": 1.0636909008026123, "input_args": {"term": "'knpa'"}, "time": 1767866514.2024398}