{"duration": 0.018776893615722656, "input_args": {"term": "'progres'"}, "time": 1767866530.979734}