{"duration": 0.0326077938079834, "input_args": {"term": "'tiba'"}, "time": 1767866608.338767}