{"duration": 0.022082805633544922, "input_args": {"term": "'suap'"}, "time": 1767866608.7632012}