{"duration": 0.0372464656829834, "input_args": {"term": "'reaksinya'"}, "time": 1767866507.6786134}