{"duration": 0.0032415390014648438, "input_args": {"term": "'iya'"}, "time": 1767866500.6576867}