{"duration": 0.014907598495483398, "input_args": {"term": "'goyang'"}, "time": 1767866565.4842424}