{"duration": 0.8352506160736084, "input_args": {"term": "'menelanjangi'"}, "time": 1767866512.391478}