{"duration": 1.4792637825012207, "input_args": {"term": "'rafael'"}, "time": 1767866602.568957}