{"duration": 0.01970839500427246, "input_args": {"term": "'murka'"}, "time": 1767866566.5639594}