{"duration": 0.04707145690917969, "input_args": {"term": "'lakukan'"}, "time": 1767866594.194113}