{"duration": 0.020801305770874023, "input_args": {"term": "'seksi'"}, "time": 1767866609.036746}