{"duration": 0.6685616970062256, "input_args": {"term": "'persenyakin'"}, "time": 1767866532.404673}