{"duration": 0.06067037582397461, "input_args": {"term": "'kerakyat'"}, "time": 1767866602.0664952}