{"duration": 0.029691457748413086, "input_args": {"term": "'bayar'"}, "time": 1767866561.3021479}