{"duration": 0.2244727611541748, "input_args": {"term": "'perbandingan'"}, "time": 1767866609.6097214}