{"duration": 0.01743030548095703, "input_args": {"term": "'asumsi'"}, "time": 1767866548.0275142}