{"duration": 0.02043628692626953, "input_args": {"term": "'selaras'"}, "time": 1767866529.3601127}