{"duration": 2.679511070251465, "input_args": {"term": "'prekonomian'"}, "time": 1767866572.1240416}