{"duration": 1.2632439136505127, "input_args": {"term": "'nembak'"}, "time": 1767866570.0525324}