{"duration": 0.8763809204101562, "input_args": {"term": "'sukurin'"}, "time": 1767866630.7872322}