{"duration": 0.003360271453857422, "input_args": {"term": "'swasta'"}, "time": 1767866500.6825776}