{"duration": 0.05973982810974121, "input_args": {"term": "'diundang'"}, "time": 1767866511.1184027}