{"duration": 0.7860901355743408, "input_args": {"term": "'dikantongin'"}, "time": 1767866616.952038}