{"duration": 0.030704498291015625, "input_args": {"term": "'resep'"}, "time": 1767866526.4337487}