{"duration": 0.1902022361755371, "input_args": {"term": "'lisa'"}, "time": 1767866500.827343}