{"duration": 0.025343894958496094, "input_args": {"term": "'transparansi'"}, "time": 1767866596.1160455}