{"duration": 0.7312150001525879, "input_args": {"term": "'kebijakan'"}, "time": 1767866561.5559592}