{"duration": 0.017821788787841797, "input_args": {"term": "'jalur'"}, "time": 1767866567.1243453}