{"duration": 2.3657796382904053, "input_args": {"term": "'ngenteni'"}, "time": 1767866548.5630834}