{"duration": 0.044103384017944336, "input_args": {"term": "'ctv'"}, "time": 1767866562.144271}