{"duration": 1.4774658679962158, "input_args": {"term": "'dcopotlintah'"}, "time": 1767866555.5398977}