{"duration": 0.02067708969116211, "input_args": {"term": "'duet'"}, "time": 1767866615.3626013}