{"duration": 0.017093181610107422, "input_args": {"term": "'tarik'"}, "time": 1767866625.416419}