{"duration": 0.3201456069946289, "input_args": {"term": "'pemimpin'"}, "time": 1767866563.8364434}