{"duration": 1.25506591796875, "input_args": {"term": "'edun'"}, "time": 1767866508.7753866}