{"duration": 0.035325050354003906, "input_args": {"term": "'pantas'"}, "time": 1767866623.94515}