{"duration": 0.017356395721435547, "input_args": {"term": "'hidup'"}, "time": 1767866532.8598754}