{"duration": 0.018394947052001953, "input_args": {"term": "'baca'"}, "time": 1767866561.677181}