{"duration": 0.03889608383178711, "input_args": {"term": "'tot'"}, "time": 1767866625.6075294}