{"duration": 0.1608905792236328, "input_args": {"term": "'menganti'"}, "time": 1767866533.0503502}