{"duration": 0.014498710632324219, "input_args": {"term": "'agen'"}, "time": 1767866629.441473}