{"duration": 1.0227372646331787, "input_args": {"term": "'role'"}, "time": 1767866556.3531644}