{"duration": 0.7469837665557861, "input_args": {"term": "'berorientasi'"}, "time": 1767866528.154338}