{"duration": 0.014690160751342773, "input_args": {"term": "'lawas'"}, "time": 1767866535.7035117}