{"duration": 2.197556495666504, "input_args": {"term": "'absakhirnya'"}, "time": 1767866581.358383}