{"duration": 1.5227527618408203, "input_args": {"term": "'ihklas'"}, "time": 1767866576.306554}