{"duration": 1.1772279739379883, "input_args": {"term": "'world'"}, "time": 1767866607.6134946}