{"duration": 0.036299943923950195, "input_args": {"term": "'maunya'"}, "time": 1767866613.4151561}