{"duration": 0.1302812099456787, "input_args": {"term": "'mengelapkan'"}, "time": 1767866512.465547}