{"duration": 0.019548654556274414, "input_args": {"term": "'cahaya'"}, "time": 1767866581.0124547}