{"duration": 0.04752755165100098, "input_args": {"term": "'namanya'"}, "time": 1767866602.2267287}