{"duration": 0.023352384567260742, "input_args": {"term": "'potong'"}, "time": 1767866544.3359082}