{"duration": 0.01878809928894043, "input_args": {"term": "'coba'"}, "time": 1767866535.4402409}