{"duration": 0.021088838577270508, "input_args": {"term": "'sekian'"}, "time": 1767866528.4089208}