{"duration": 1.0763285160064697, "input_args": {"term": "'gpgk'"}, "time": 1767866607.1329787}