{"duration": 0.030077695846557617, "input_args": {"term": "'regulasi'"}, "time": 1767866608.6555123}