{"duration": 0.012576580047607422, "input_args": {"term": "'akhirat'"}, "time": 1767866565.95469}