{"duration": 1.442941427230835, "input_args": {"term": "'nyangka'"}, "time": 1767866557.9635808}