{"duration": 0.1536998748779297, "input_args": {"term": "'memasak'"}, "time": 1767866587.9429388}