{"duration": 1.2546393871307373, "input_args": {"term": "'munir'"}, "time": 1767866537.927222}