{"duration": 0.062345027923583984, "input_args": {"term": "'kebagian'"}, "time": 1767866551.2534244}