{"duration": 0.016302108764648438, "input_args": {"term": "'gemah'"}, "time": 1767866609.7476888}