{"duration": 0.04004526138305664, "input_args": {"term": "'sampaikan'"}, "time": 1767866538.848619}