{"duration": 0.18622779846191406, "input_args": {"term": "'menyala'"}, "time": 1767866534.2237704}