{"duration": 0.003556489944458008, "input_args": {"term": "'terlalu'"}, "time": 1767866500.5660355}