{"duration": 0.012838363647460938, "input_args": {"term": "'akar'"}, "time": 1767866547.7425592}