{"duration": 1.1567189693450928, "input_args": {"term": "'judol'"}, "time": 1767866527.8196392}