{"duration": 2.2157480716705322, "input_args": {"term": "'ngopi'"}, "time": 1767866622.8921602}