{"duration": 0.023027896881103516, "input_args": {"term": "'ati'"}, "time": 1767866555.8477275}