{"duration": 1.348189115524292, "input_args": {"term": "'kasipitas'"}, "time": 1767866586.4524817}