{"duration": 0.014345884323120117, "input_args": {"term": "'gasak'"}, "time": 1767866596.3096535}