{"duration": 0.0033643245697021484, "input_args": {"term": "'jelita'"}, "time": 1767866501.0574808}