{"duration": 1.2448058128356934, "input_args": {"term": "'purbayas'"}, "time": 1767866577.9807897}