{"duration": 0.022777318954467773, "input_args": {"term": "'sopir'"}, "time": 1767866581.6046784}