{"duration": 0.12969303131103516, "input_args": {"term": "'terkuak'"}, "time": 1767866517.6387687}