{"duration": 2.386679172515869, "input_args": {"term": "'kndaran'"}, "time": 1767866608.661814}