{"duration": 0.7785232067108154, "input_args": {"term": "'surabayasemarang'"}, "time": 1767866503.595989}