{"duration": 0.04873085021972656, "input_args": {"term": "'dimeja'"}, "time": 1767866573.6826317}