{"duration": 1.2863233089447021, "input_args": {"term": "'task'"}, "time": 1767866599.7025988}