{"duration": 0.9992506504058838, "input_args": {"term": "'bostunjukin'"}, "time": 1767866519.9584475}