{"duration": 0.06203794479370117, "input_args": {"term": "'lha'"}, "time": 1767866514.9510546}