{"duration": 1.2826061248779297, "input_args": {"term": "'engak'"}, "time": 1767866608.3454437}