{"duration": 0.04427218437194824, "input_args": {"term": "'sifatnya'"}, "time": 1767866603.3835247}