{"duration": 1.2277390956878662, "input_args": {"term": "'tanguh'"}, "time": 1767866547.131302}