{"duration": 0.003612041473388672, "input_args": {"term": "'ngebut'"}, "time": 1767866500.3549118}