{"duration": 1.1279098987579346, "input_args": {"term": "'earth'"}, "time": 1767866614.476023}