{"duration": 1.1069669723510742, "input_args": {"term": "'bantahdisimpam'"}, "time": 1767866599.8292441}