{"duration": 2.3040084838867188, "input_args": {"term": "'mean'"}, "time": 1767866538.2978702}