{"duration": 0.05490469932556152, "input_args": {"term": "'tat'"}, "time": 1767866547.6875207}