{"duration": 0.1998147964477539, "input_args": {"term": "'menyasar'"}, "time": 1767866611.9161937}