{"duration": 1.1953561305999756, "input_args": {"term": "'should'"}, "time": 1767866561.2041483}