{"duration": 0.7267138957977295, "input_args": {"term": "'memiliki'"}, "time": 1767866630.7595408}