{"duration": 0.021299362182617188, "input_args": {"term": "'giring'"}, "time": 1767866588.8350074}