{"duration": 0.0682229995727539, "input_args": {"term": "'pay'"}, "time": 1767866602.113877}