{"duration": 0.027146577835083008, "input_args": {"term": "'bahas'"}, "time": 1767866512.0573654}