{"duration": 0.060930490493774414, "input_args": {"term": "'ditolong'"}, "time": 1767866526.965285}