{"duration": 2.1394450664520264, "input_args": {"term": "'hiperinflasi'"}, "time": 1767866561.196692}