{"duration": 0.7960035800933838, "input_args": {"term": "'sekrng'"}, "time": 1767866616.2456036}