{"duration": 1.4464845657348633, "input_args": {"term": "'nyampe'"}, "time": 1767866551.4323192}