{"duration": 0.022433042526245117, "input_args": {"term": "'menghambatnya'"}, "time": 1767866500.3427312}