{"duration": 2.352430582046509, "input_args": {"term": "'phdnya'"}, "time": 1767866549.3398027}