{"duration": 0.019009828567504883, "input_args": {"term": "'menang'"}, "time": 1767866543.9194596}