{"duration": 0.8492262363433838, "input_args": {"term": "'dibutuhin'"}, "time": 1767866540.2105293}