{"duration": 0.0018658638000488281, "input_args": {"term": "'luntur'"}, "time": 1767866501.1947489}