{"duration": 0.06343984603881836, "input_args": {"term": "'kd'"}, "time": 1767866577.5066147}