{"duration": 0.1387183666229248, "input_args": {"term": "'caption'"}, "time": 1767866500.9072332}