{"duration": 1.3486449718475342, "input_args": {"term": "'gunain'"}, "time": 1767866591.8958411}