{"duration": 0.2763845920562744, "input_args": {"term": "'perkenalkan'"}, "time": 1767866617.3691452}