{"duration": 0.1506197452545166, "input_args": {"term": "'practices'"}, "time": 1767866502.619925}