{"duration": 0.004686832427978516, "input_args": {"term": "'bhy'"}, "time": 1767866501.5676768}