{"duration": 1.138974905014038, "input_args": {"term": "'amun'"}, "time": 1767866609.3313942}