{"duration": 0.0021741390228271484, "input_args": {"term": "'rewel'"}, "time": 1767866501.6263754}