{"duration": 0.024457216262817383, "input_args": {"term": "'diam'"}, "time": 1767866608.1129937}