{"duration": 0.05433797836303711, "input_args": {"term": "'dnk'"}, "time": 1767866537.312065}