{"duration": 0.019350290298461914, "input_args": {"term": "'karakter'"}, "time": 1767866545.493358}