{"duration": 0.016401052474975586, "input_args": {"term": "'efisien'"}, "time": 1767866512.3162625}