{"duration": 1.233185052871704, "input_args": {"term": "'amrik'"}, "time": 1767866540.12188}