{"duration": 0.05411052703857422, "input_args": {"term": "'pns'"}, "time": 1767866581.8384326}