{"duration": 0.9731717109680176, "input_args": {"term": "'barcelona'"}, "time": 1767866513.4045842}