{"duration": 0.020727157592773438, "input_args": {"term": "'keringat'"}, "time": 1767866531.542664}