{"duration": 0.16475796699523926, "input_args": {"term": "'memilih'"}, "time": 1767866535.9855063}