{"duration": 0.03188657760620117, "input_args": {"term": "'semuanya'"}, "time": 1767866588.612393}