{"duration": 1.2496552467346191, "input_args": {"term": "'lahkebuka'"}, "time": 1767866530.2085626}