{"duration": 0.04047560691833496, "input_args": {"term": "'layak'"}, "time": 1767866579.7384448}