{"duration": 0.023448944091796875, "input_args": {"term": "'palsu'"}, "time": 1767866626.4642024}