{"duration": 0.015124797821044922, "input_args": {"term": "'beasiswa'"}, "time": 1767866573.544019}