{"duration": 0.022220134735107422, "input_args": {"term": "'eta'"}, "time": 1767866603.2172446}