{"duration": 1.3028607368469238, "input_args": {"term": "'pemda'"}, "time": 1767866604.7511969}