{"duration": 0.020193099975585938, "input_args": {"term": "'ganteng'"}, "time": 1767866547.54746}