{"duration": 1.024596929550171, "input_args": {"term": "'loco'"}, "time": 1767866581.4828558}