{"duration": 0.02639460563659668, "input_args": {"term": "'fitnah'"}, "time": 1767866572.2584598}