{"duration": 1.8690006732940674, "input_args": {"term": "'pelaksanan'"}, "time": 1767866512.6134965}