{"duration": 0.016089200973510742, "input_args": {"term": "'kerja'"}, "time": 1767866595.9062862}