{"duration": 0.022389650344848633, "input_args": {"term": "'patut'"}, "time": 1767866601.7903194}