{"duration": 0.02436542510986328, "input_args": {"term": "'ilegal'"}, "time": 1767866522.0874522}