{"duration": 0.019770145416259766, "input_args": {"term": "'bea'"}, "time": 1767866523.1055765}