{"duration": 0.00604557991027832, "input_args": {"term": "'koq'"}, "time": 1767866502.412752}