{"duration": 0.44124603271484375, "input_args": {"term": "'kinerja'"}, "time": 1767866592.5339932}