{"duration": 1.302645206451416, "input_args": {"term": "'lilid'"}, "time": 1767866565.6707854}