{"duration": 0.022246122360229492, "input_args": {"term": "'tombol'"}, "time": 1767866530.2325466}