{"duration": 0.061452627182006836, "input_args": {"term": "'sam'"}, "time": 1767866623.8660147}