{"duration": 0.8155736923217773, "input_args": {"term": "'kegangu'"}, "time": 1767866533.374379}