{"duration": 0.030439138412475586, "input_args": {"term": "'servis'"}, "time": 1767866627.6428773}