{"duration": 1.0612282752990723, "input_args": {"term": "'mantul'"}, "time": 1767866621.1200483}