{"duration": 0.34760189056396484, "input_args": {"term": "'pengalaman'"}, "time": 1767866622.3833973}