{"duration": 0.015983104705810547, "input_args": {"term": "'minimal'"}, "time": 1767866619.7518387}