{"duration": 0.019307374954223633, "input_args": {"term": "'syah'"}, "time": 1767866527.882805}