{"duration": 0.021476030349731445, "input_args": {"term": "'manipulatif'"}, "time": 1767866586.9481719}