{"duration": 1.2310783863067627, "input_args": {"term": "'cant'"}, "time": 1767866518.2162318}