{"duration": 0.05377316474914551, "input_args": {"term": "'keuangan'"}, "time": 1767866619.1991754}