{"duration": 0.018481016159057617, "input_args": {"term": "'gebrak'"}, "time": 1767866616.0932264}