{"duration": 1.0922513008117676, "input_args": {"term": "'nyuruhkoplok'"}, "time": 1767866560.8109057}