{"duration": 0.24060297012329102, "input_args": {"term": "'perubahan'"}, "time": 1767866539.7480989}