{"duration": 0.0617828369140625, "input_args": {"term": "'ktp'"}, "time": 1767866520.2930033}