{"duration": 0.0353846549987793, "input_args": {"term": "'cair'"}, "time": 1767866602.3445647}