{"duration": 0.029313325881958008, "input_args": {"term": "'rekrut'"}, "time": 1767866552.5957286}