{"duration": 1.3284108638763428, "input_args": {"term": "'dateng'"}, "time": 1767866549.0902176}