{"duration": 0.07388520240783691, "input_args": {"term": "'berbuat'"}, "time": 1767866578.7943387}