{"duration": 0.28730297088623047, "input_args": {"term": "'pendukung'"}, "time": 1767866583.0369594}