{"duration": 0.1472928524017334, "input_args": {"term": "'mencatat'"}, "time": 1767866529.0485513}