{"duration": 0.020005226135253906, "input_args": {"term": "'bingung'"}, "time": 1767866511.9929714}