{"duration": 0.023166179656982422, "input_args": {"term": "'rata'"}, "time": 1767866562.8246937}