{"duration": 1.438218355178833, "input_args": {"term": "'logikabea'"}, "time": 1767866627.8476152}