{"duration": 0.0577850341796875, "input_args": {"term": "'ge'"}, "time": 1767866606.0065315}