{"duration": 0.8855812549591064, "input_args": {"term": "'darderdor'"}, "time": 1767866626.0895677}