{"duration": 0.004567861557006836, "input_args": {"term": "'isi'"}, "time": 1767866500.2966015}