{"duration": 0.03708600997924805, "input_args": {"term": "'m'"}, "time": 1767866555.715052}