{"duration": 0.3096292018890381, "input_args": {"term": "'dipertahankan'"}, "time": 1767866598.5969756}