{"duration": 0.02670907974243164, "input_args": {"term": "'rapat'"}, "time": 1767866568.6715653}