{"duration": 0.1402270793914795, "input_args": {"term": "'mensyukuri'"}, "time": 1767866500.8640387}