{"duration": 0.052535295486450195, "input_args": {"term": "'gag'"}, "time": 1767866592.848436}