{"duration": 0.04709124565124512, "input_args": {"term": "'pecundang'"}, "time": 1767866502.40112}