{"duration": 0.03481101989746094, "input_args": {"term": "'senyumnya'"}, "time": 1767866559.3727703}