{"duration": 0.17986392974853516, "input_args": {"term": "'menkeu'"}, "time": 1767866502.2805266}