{"duration": 0.040929317474365234, "input_args": {"term": "'iyakan'"}, "time": 1767866605.9519255}