{"duration": 1.1551611423492432, "input_args": {"term": "'station'"}, "time": 1767866561.0917678}