{"duration": 1.1216163635253906, "input_args": {"term": "'vibe'"}, "time": 1767866625.618583}