{"duration": 0.019771814346313477, "input_args": {"term": "'condong'"}, "time": 1767866584.7061603}