{"duration": 0.2088630199432373, "input_args": {"term": "'konglo'"}, "time": 1767866500.5117378}