{"duration": 0.038311004638671875, "input_args": {"term": "'tf'"}, "time": 1767866534.344012}