{"duration": 1.2695112228393555, "input_args": {"term": "'jebakan'"}, "time": 1767866616.0569448}