{"duration": 0.05350494384765625, "input_args": {"term": "'operasionalnya'"}, "time": 1767866564.9620616}