{"duration": 0.019756078720092773, "input_args": {"term": "'finansial'"}, "time": 1767866530.474495}