{"duration": 0.017877578735351562, "input_args": {"term": "'sembrani'"}, "time": 1767866528.6082962}