{"duration": 0.015589475631713867, "input_args": {"term": "'cut'"}, "time": 1767866533.6542509}