{"duration": 1.0908775329589844, "input_args": {"term": "'chek'"}, "time": 1767866553.820892}