{"duration": 0.11866903305053711, "input_args": {"term": "'melempar'"}, "time": 1767866513.3925233}