{"duration": 0.04627799987792969, "input_args": {"term": "'skg'"}, "time": 1767866617.8908443}