{"duration": 0.16538667678833008, "input_args": {"term": "'mendukung'"}, "time": 1767866524.731787}