{"duration": 0.23709654808044434, "input_args": {"term": "'perokok'"}, "time": 1767866520.4344854}