{"duration": 0.044785261154174805, "input_args": {"term": "'diaudit'"}, "time": 1767866625.9838998}