{"duration": 2.0815746784210205, "input_args": {"term": "'tngan'"}, "time": 1767866529.6817589}