{"duration": 0.9697258472442627, "input_args": {"term": "'scholars'"}, "time": 1767866512.488531}