{"duration": 0.012599706649780273, "input_args": {"term": "'sekali'"}, "time": 1767866535.6058774}