{"duration": 0.014583826065063477, "input_args": {"term": "'bodoh'"}, "time": 1767866509.261449}