{"duration": 0.022837162017822266, "input_args": {"term": "'solusi'"}, "time": 1767866600.4286556}