{"duration": 0.025806427001953125, "input_args": {"term": "'sewot'"}, "time": 1767866583.4578211}