{"duration": 0.0029261112213134766, "input_args": {"term": "'boroknya'"}, "time": 1767866501.3703487}