{"duration": 1.6169250011444092, "input_args": {"term": "'yusuf'"}, "time": 1767866575.3061428}