{"duration": 0.2793996334075928, "input_args": {"term": "'pengawalan'"}, "time": 1767866606.882006}