{"duration": 0.04387855529785156, "input_args": {"term": "'dak'"}, "time": 1767866600.087126}