{"duration": 0.8983287811279297, "input_args": {"term": "'kulaihuang'"}, "time": 1767866536.073042}