{"duration": 0.014389753341674805, "input_args": {"term": "'dingin'"}, "time": 1767866589.5553238}