{"duration": 1.4186334609985352, "input_args": {"term": "'sihbingung'"}, "time": 1767866558.00921}