{"duration": 0.6089997291564941, "input_args": {"term": "'ditutupi'"}, "time": 1767866533.7295547}