{"duration": 0.14526700973510742, "input_args": {"term": "'menjabat'"}, "time": 1767866519.5322154}