{"duration": 0.03162741661071777, "input_args": {"term": "'urus'"}, "time": 1767866523.5201333}