{"duration": 1.4097669124603271, "input_args": {"term": "'ceplas'"}, "time": 1767866517.1475317}