{"duration": 0.23210811614990234, "input_args": {"term": "'nyan'"}, "time": 1767866501.5067205}