{"duration": 0.03210926055908203, "input_args": {"term": "'kucai'"}, "time": 1767866575.5722005}