{"duration": 1.2688329219818115, "input_args": {"term": "'scam'"}, "time": 1767866541.3855653}