{"duration": 0.018425703048706055, "input_args": {"term": "'generasi'"}, "time": 1767866580.6421733}