{"duration": 0.04039573669433594, "input_args": {"term": "'dipimpin'"}, "time": 1767866512.7298703}