{"duration": 0.7072980403900146, "input_args": {"term": "'makanuang'"}, "time": 1767866630.9511766}