{"duration": 0.024757862091064453, "input_args": {"term": "'selamat'"}, "time": 1767866589.4700053}