{"duration": 0.032965898513793945, "input_args": {"term": "'bohongi'"}, "time": 1767866534.1725135}