{"duration": 0.023969173431396484, "input_args": {"term": "'popularitas'"}, "time": 1767866568.5966802}