{"duration": 2.2879629135131836, "input_args": {"term": "'menekan'"}, "time": 1767866628.5099318}