{"duration": 0.47659826278686523, "input_args": {"term": "'dikerjain'"}, "time": 1767866590.6218266}