{"duration": 0.03796100616455078, "input_args": {"term": "'diajak'"}, "time": 1767866563.0639884}