{"duration": 0.024541854858398438, "input_args": {"term": "'sektor'"}, "time": 1767866599.0394661}