{"duration": 0.045990705490112305, "input_args": {"term": "'depositonya'"}, "time": 1767866584.212058}