{"duration": 0.0384669303894043, "input_args": {"term": "'berdoa'"}, "time": 1767866623.2299023}