{"duration": 1.431300401687622, "input_args": {"term": "'sangah'"}, "time": 1767866594.7255712}