{"duration": 0.023015499114990234, "input_args": {"term": "'darat'"}, "time": 1767866559.3186812}