{"duration": 0.01882624626159668, "input_args": {"term": "'kesal'"}, "time": 1767866535.020589}