{"duration": 0.06439781188964844, "input_args": {"term": "'gta'"}, "time": 1767866508.9594848}