{"duration": 0.09388351440429688, "input_args": {"term": "'akurat'"}, "time": 1767866594.7264981}