{"duration": 1.3521063327789307, "input_args": {"term": "'mongo'"}, "time": 1767866522.730254}