{"duration": 0.021065950393676758, "input_args": {"term": "'asa'"}, "time": 1767866623.1549087}