{"duration": 1.2559459209442139, "input_args": {"term": "'jgnbikin'"}, "time": 1767866537.168502}