{"duration": 0.060306549072265625, "input_args": {"term": "'ri'"}, "time": 1767866610.2045438}