{"duration": 0.77744460105896, "input_args": {"term": "'dilengkapi'"}, "time": 1767866558.7394097}