{"duration": 1.2716445922851562, "input_args": {"term": "'eficient'"}, "time": 1767866570.4646075}