{"duration": 0.04258894920349121, "input_args": {"term": "'tertibkan'"}, "time": 1767866532.0976782}