{"duration": 0.05269336700439453, "input_args": {"term": "'sekelas'"}, "time": 1767866604.7901044}