{"duration": 0.027186870574951172, "input_args": {"term": "'kreatif'"}, "time": 1767866558.5217142}