{"duration": 0.02184915542602539, "input_args": {"term": "'sorot'"}, "time": 1767866519.439679}