{"duration": 2.392732858657837, "input_args": {"term": "'gumohnya'"}, "time": 1767866613.6128273}