{"duration": 0.0383608341217041, "input_args": {"term": "'ibadah'"}, "time": 1767866628.7186484}