{"duration": 1.4085800647735596, "input_args": {"term": "'urusin'"}, "time": 1767866568.5498867}