{"duration": 0.024596452713012695, "input_args": {"term": "'pangan'"}, "time": 1767866537.478928}