{"duration": 0.026304006576538086, "input_args": {"term": "'sumbu'"}, "time": 1767866600.6933248}