{"duration": 0.003380298614501953, "input_args": {"term": "'email'"}, "time": 1767866500.4859848}