{"duration": 1.2121007442474365, "input_args": {"term": "'ghaib'"}, "time": 1767866561.0156026}