{"duration": 0.01704239845275879, "input_args": {"term": "'cukup'"}, "time": 1767866533.8284967}