{"duration": 0.0731821060180664, "input_args": {"term": "'bertahun'"}, "time": 1767866557.7630413}