{"duration": 0.027745485305786133, "input_args": {"term": "'dengar'"}, "time": 1767866514.883863}