{"duration": 0.01962113380432129, "input_args": {"term": "'potensi'"}, "time": 1767866530.7078903}