{"duration": 0.058570146560668945, "input_args": {"term": "'ba'"}, "time": 1767866621.97831}