{"duration": 0.24124741554260254, "input_args": {"term": "'baikbaiknya'"}, "time": 1767866501.6423965}