{"duration": 0.035112857818603516, "input_args": {"term": "'coc'"}, "time": 1767866599.7743664}