{"duration": 1.7444252967834473, "input_args": {"term": "'kelakuanampun'"}, "time": 1767866592.066459}