{"duration": 0.06524991989135742, "input_args": {"term": "'bergerak'"}, "time": 1767866527.826582}