{"duration": 0.936450719833374, "input_args": {"term": "'dibohongi'"}, "time": 1767866601.6397552}