{"duration": 1.4680092334747314, "input_args": {"term": "'muhamad'"}, "time": 1767866628.5351708}