{"duration": 0.052050113677978516, "input_args": {"term": "'dikerjakan'"}, "time": 1767866592.294638}