{"duration": 0.02947998046875, "input_args": {"term": "'serasa'"}, "time": 1767866537.682717}