{"duration": 0.06366610527038574, "input_args": {"term": "'ketir'"}, "time": 1767866508.0285509}