{"duration": 0.013908147811889648, "input_args": {"term": "'membantumu'"}, "time": 1767866501.3245726}