{"duration": 0.012787103652954102, "input_args": {"term": "'bukti'"}, "time": 1767866577.632155}