{"duration": 0.029544830322265625, "input_args": {"term": "'sedekah'"}, "time": 1767866582.1720634}