{"duration": 0.25818562507629395, "input_args": {"term": "'menyamarkan'"}, "time": 1767866610.5619678}