{"duration": 0.02016139030456543, "input_args": {"term": "'jelas'"}, "time": 1767866627.378876}