{"duration": 1.136659860610962, "input_args": {"term": "'indonesiasudah'"}, "time": 1767866607.9621043}