{"duration": 0.15651369094848633, "input_args": {"term": "'menengah'"}, "time": 1767866580.2526262}