{"duration": 0.2708723545074463, "input_args": {"term": "'penjarahan'"}, "time": 1767866561.3374605}