{"duration": 0.05083036422729492, "input_args": {"term": "'ned'"}, "time": 1767866609.291819}