{"duration": 0.5660727024078369, "input_args": {"term": "'ditanya'"}, "time": 1767866512.6481633}