{"duration": 0.04393124580383301, "input_args": {"term": "'ah'"}, "time": 1767866565.7653952}