{"duration": 0.017705440521240234, "input_args": {"term": "'copot'"}, "time": 1767866567.981461}