{"duration": 0.015026092529296875, "input_args": {"term": "'makan'"}, "time": 1767866554.796666}