{"duration": 0.07758474349975586, "input_args": {"term": "'smg'"}, "time": 1767866591.0353093}