{"duration": 0.9587483406066895, "input_args": {"term": "'anime'"}, "time": 1767866630.1602664}