{"duration": 0.025552034378051758, "input_args": {"term": "'visioner'"}, "time": 1767866586.121704}