{"duration": 0.024321317672729492, "input_args": {"term": "'presiden'"}, "time": 1767866573.5854912}