{"duration": 0.019899368286132812, "input_args": {"term": "'justru'"}, "time": 1767866549.7577946}