{"duration": 0.038530826568603516, "input_args": {"term": "'intinya'"}, "time": 1767866531.1344838}