{"duration": 0.15594696998596191, "input_args": {"term": "'melarang'"}, "time": 1767866584.0720205}