{"duration": 1.320190668106079, "input_args": {"term": "'spam'"}, "time": 1767866594.2608173}