{"duration": 0.046087026596069336, "input_args": {"term": "'lu'"}, "time": 1767866559.5632865}