{"duration": 1.3678038120269775, "input_args": {"term": "'nyrntng'"}, "time": 1767866524.071893}