{"duration": 0.0313112735748291, "input_args": {"term": "'trotoar'"}, "time": 1767866568.8846114}