{"duration": 0.027466773986816406, "input_args": {"term": "'sensasi'"}, "time": 1767866522.891462}