{"duration": 1.0579419136047363, "input_args": {"term": "'dech'"}, "time": 1767866614.644818}