{"duration": 0.05617475509643555, "input_args": {"term": "'dikejar'"}, "time": 1767866544.4732928}