{"duration": 0.13953876495361328, "input_args": {"term": "'hedon'"}, "time": 1767866501.7775989}