{"duration": 0.004347324371337891, "input_args": {"term": "'ceplos'"}, "time": 1767866502.2527883}