{"duration": 0.029630184173583984, "input_args": {"term": "'wak'"}, "time": 1767866529.5700212}