{"duration": 1.1818203926086426, "input_args": {"term": "'united'"}, "time": 1767866582.240593}