{"duration": 2.1117396354675293, "input_args": {"term": "'pembiayan'"}, "time": 1767866521.8100114}