{"duration": 0.06819891929626465, "input_args": {"term": "'jga'"}, "time": 1767866591.1832669}