{"duration": 0.021657466888427734, "input_args": {"term": "'kenal'"}, "time": 1767866562.1872647}