{"duration": 0.002538919448852539, "input_args": {"term": "'dasar'"}, "time": 1767866500.3038876}