{"duration": 0.04545783996582031, "input_args": {"term": "'dijadikan'"}, "time": 1767866596.4083514}