{"duration": 0.025063037872314453, "input_args": {"term": "'jaksa'"}, "time": 1767866572.0369105}