{"duration": 0.03886270523071289, "input_args": {"term": "'dikawal'"}, "time": 1767866545.8071516}