{"duration": 0.018772602081298828, "input_args": {"term": "'foto'"}, "time": 1767866626.6636248}