{"duration": 0.02773118019104004, "input_args": {"term": "'calon'"}, "time": 1767866536.3628187}