{"duration": 0.1774756908416748, "input_args": {"term": "'membayar'"}, "time": 1767866579.6022532}