{"duration": 0.02807140350341797, "input_args": {"term": "'emper'"}, "time": 1767866520.0302625}