{"duration": 0.5505776405334473, "input_args": {"term": "'dikelilingi'"}, "time": 1767866553.2401276}