{"duration": 0.9351260662078857, "input_args": {"term": "'bapadah'"}, "time": 1767866619.1942866}