{"duration": 0.02755570411682129, "input_args": {"term": "'selalu'"}, "time": 1767866582.3910804}