{"duration": 0.024779796600341797, "input_args": {"term": "'habis'"}, "time": 1767866600.612941}