{"duration": 0.038376808166503906, "input_args": {"term": "'sj'"}, "time": 1767866535.5580335}