{"duration": 1.2764883041381836, "input_args": {"term": "'donk'"}, "time": 1767866516.4381082}