{"duration": 1.2401373386383057, "input_args": {"term": "'necesary'"}, "time": 1767866510.4207397}