{"duration": 1.0763084888458252, "input_args": {"term": "'termul'"}, "time": 1767866628.5657825}