{"duration": 1.2363395690917969, "input_args": {"term": "'science'"}, "time": 1767866537.9444587}