{"duration": 0.27387523651123047, "input_args": {"term": "'tercermin'"}, "time": 1767866566.2711253}