{"duration": 0.09421968460083008, "input_args": {"term": "'terbakar'"}, "time": 1767866506.0495453}