{"duration": 2.1151537895202637, "input_args": {"term": "'alahi'"}, "time": 1767866520.2270467}