{"duration": 1.342719554901123, "input_args": {"term": "'ngomongkl'"}, "time": 1767866595.2321763}