{"duration": 0.0390324592590332, "input_args": {"term": "'dikenakan'"}, "time": 1767866553.821821}