{"duration": 0.02433490753173828, "input_args": {"term": "'milik'"}, "time": 1767866589.4318056}