{"duration": 1.1492760181427002, "input_args": {"term": "'positively'"}, "time": 1767866504.5242162}