{"duration": 1.4486424922943115, "input_args": {"term": "'nungak'"}, "time": 1767866557.9264996}