{"duration": 0.05197334289550781, "input_args": {"term": "'didiemin'"}, "time": 1767866501.4849029}