{"duration": 0.35753774642944336, "input_args": {"term": "'dikenain'"}, "time": 1767866513.1314642}