{"duration": 2.358158588409424, "input_args": {"term": "'panasini'"}, "time": 1767866608.9996123}