{"duration": 0.029657602310180664, "input_args": {"term": "'dampaknya'"}, "time": 1767866580.3928757}