{"duration": 0.01852130889892578, "input_args": {"term": "'jiwa'"}, "time": 1767866519.2791624}