{"duration": 0.05639362335205078, "input_args": {"term": "'berlibur'"}, "time": 1767866620.2792673}