{"duration": 0.33508801460266113, "input_args": {"term": "'penghasil'"}, "time": 1767866557.984113}