{"duration": 1.0774893760681152, "input_args": {"term": "'surabaya'"}, "time": 1767866531.4796784}