{"duration": 0.021596193313598633, "input_args": {"term": "'sri'"}, "time": 1767866515.0334258}