{"duration": 0.02184605598449707, "input_args": {"term": "'resmi'"}, "time": 1767866507.6213295}