{"duration": 1.3648223876953125, "input_args": {"term": "'rupanyasemoga'"}, "time": 1767866557.3994772}