{"duration": 0.018409013748168945, "input_args": {"term": "'taulah'"}, "time": 1767866502.7003374}