{"duration": 1.2076070308685303, "input_args": {"term": "'highclas'"}, "time": 1767866609.4377213}