{"duration": 0.05541729927062988, "input_args": {"term": "'ditarik'"}, "time": 1767866597.7309196}