{"duration": 0.030120372772216797, "input_args": {"term": "'liga'"}, "time": 1767866561.224747}