{"duration": 0.05702090263366699, "input_args": {"term": "'keterima'"}, "time": 1767866628.2335901}