{"duration": 0.025963783264160156, "input_args": {"term": "'hapus'"}, "time": 1767866586.0793526}