{"duration": 0.06786608695983887, "input_args": {"term": "'didengar'"}, "time": 1767866523.0600443}