{"duration": 0.02100658416748047, "input_args": {"term": "'basi'"}, "time": 1767866549.109966}