{"duration": 0.0193483829498291, "input_args": {"term": "'bekas'"}, "time": 1767866510.9495966}