{"duration": 1.1530382633209229, "input_args": {"term": "'style'"}, "time": 1767866527.950458}