{"duration": 0.16312694549560547, "input_args": {"term": "'ngelantur'"}, "time": 1767866502.3101084}