{"duration": 0.033547401428222656, "input_args": {"term": "'banjir'"}, "time": 1767866581.358909}