{"duration": 1.1763930320739746, "input_args": {"term": "'healing'"}, "time": 1767866527.702183}