{"duration": 0.028630495071411133, "input_args": {"term": "'dampak'"}, "time": 1767866552.169989}