{"duration": 1.3650543689727783, "input_args": {"term": "'transparently'"}, "time": 1767866585.2474961}