{"duration": 0.037964820861816406, "input_args": {"term": "'prakteknya'"}, "time": 1767866518.8064535}