{"duration": 0.025368928909301758, "input_args": {"term": "'amanah'"}, "time": 1767866598.0194457}