{"duration": 0.024981260299682617, "input_args": {"term": "'buruk'"}, "time": 1767866560.7336032}