{"duration": 0.019747018814086914, "input_args": {"term": "'melaporkan'"}, "time": 1767866502.501889}