{"duration": 0.0247347354888916, "input_args": {"term": "'wakil'"}, "time": 1767866510.8726678}