{"duration": 1.3457701206207275, "input_args": {"term": "'prepare'"}, "time": 1767866569.5477622}