{"duration": 0.026373863220214844, "input_args": {"term": "'media'"}, "time": 1767866602.4733207}