{"duration": 0.280226469039917, "input_args": {"term": "'pemain'"}, "time": 1767866559.544691}