{"duration": 1.2305786609649658, "input_args": {"term": "'bangain'"}, "time": 1767866532.0935483}