{"duration": 0.03249621391296387, "input_args": {"term": "'rekening'"}, "time": 1767866572.3021123}