{"duration": 0.04273509979248047, "input_args": {"term": "'baratan'"}, "time": 1767866560.9975047}