{"duration": 1.1350202560424805, "input_args": {"term": "'konoha'"}, "time": 1767866559.9439867}