{"duration": 0.024881601333618164, "input_args": {"term": "'suhu'"}, "time": 1767866630.09065}