{"duration": 0.06570291519165039, "input_args": {"term": "'ryt'"}, "time": 1767866514.5763438}