{"duration": 2.5882813930511475, "input_args": {"term": "'dibangakan'"}, "time": 1767866599.6899607}