{"duration": 0.05780649185180664, "input_args": {"term": "'dibank'"}, "time": 1767866532.0017328}