{"duration": 0.022380352020263672, "input_args": {"term": "'protokol'"}, "time": 1767866597.0864518}