{"duration": 0.36786842346191406, "input_args": {"term": "'pengertian'"}, "time": 1767866550.8968275}