{"duration": 0.060016632080078125, "input_args": {"term": "'ditangan'"}, "time": 1767866507.4244149}