{"duration": 0.03368782997131348, "input_args": {"term": "'menyusahkan'"}, "time": 1767866502.0561435}