{"duration": 1.2912967205047607, "input_args": {"term": "'umkm'"}, "time": 1767866558.5460365}