{"duration": 0.7558021545410156, "input_args": {"term": "'menghidupi'"}, "time": 1767866555.6102066}