{"duration": 0.027436017990112305, "input_args": {"term": "'akalnya'"}, "time": 1767866513.8636959}