{"duration": 1.4790663719177246, "input_args": {"term": "'laen'"}, "time": 1767866568.8228288}