{"duration": 0.028263568878173828, "input_args": {"term": "'bangkitlah'"}, "time": 1767866549.3993418}