{"duration": 0.02236485481262207, "input_args": {"term": "'kan'"}, "time": 1767866574.012887}