{"duration": 0.018045902252197266, "input_args": {"term": "'boikot'"}, "time": 1767866559.2409065}