{"duration": 1.095989465713501, "input_args": {"term": "'kroscek'"}, "time": 1767866518.8573918}