{"duration": 0.028116226196289062, "input_args": {"term": "'sugih'"}, "time": 1767866515.119122}