{"duration": 0.07114124298095703, "input_args": {"term": "'okt'"}, "time": 1767866564.477841}