{"duration": 0.034657955169677734, "input_args": {"term": "'putus'"}, "time": 1767866522.0498383}