{"duration": 0.03865647315979004, "input_args": {"term": "'merekalah'"}, "time": 1767866604.8849535}