{"duration": 0.051645755767822266, "input_args": {"term": "'triliunan'"}, "time": 1767866546.4925666}