{"duration": 0.9435238838195801, "input_args": {"term": "'hinga'"}, "time": 1767866534.7793775}