{"duration": 0.024207353591918945, "input_args": {"term": "'wajib'"}, "time": 1767866548.5984387}