{"duration": 0.02531743049621582, "input_args": {"term": "'rubah'"}, "time": 1767866547.6876924}