{"duration": 0.02816152572631836, "input_args": {"term": "'galian'"}, "time": 1767866554.2563093}