{"duration": 0.07756853103637695, "input_args": {"term": "'gde'"}, "time": 1767866509.6684787}