{"duration": 0.061124563217163086, "input_args": {"term": "'mrk'"}, "time": 1767866509.0853045}