{"duration": 0.046964406967163086, "input_args": {"term": "'cs'"}, "time": 1767866580.6923923}