{"duration": 2.6354973316192627, "input_args": {"term": "'dongkompetensi'"}, "time": 1767866586.715481}