{"duration": 0.011454105377197266, "input_args": {"term": "'gabung'"}, "time": 1767866618.7124522}