{"duration": 0.2053055763244629, "input_args": {"term": "'menginspirasi'"}, "time": 1767866578.537387}