{"duration": 1.3074324131011963, "input_args": {"term": "'mlungker'"}, "time": 1767866550.9816663}