{"duration": 0.016724824905395508, "input_args": {"term": "'bersih'"}, "time": 1767866606.1148174}