{"duration": 0.025121688842773438, "input_args": {"term": "'oligarki'"}, "time": 1767866583.1133955}