{"duration": 0.05507493019104004, "input_args": {"term": "'ats'"}, "time": 1767866545.6489434}