{"duration": 0.024668455123901367, "input_args": {"term": "'saling'"}, "time": 1767866589.3295903}