{"duration": 0.06456923484802246, "input_args": {"term": "'nge'"}, "time": 1767866567.7776604}