{"duration": 0.05069923400878906, "input_args": {"term": "'padamu'"}, "time": 1767866540.5417314}