{"duration": 1.1129941940307617, "input_args": {"term": "'scenario'"}, "time": 1767866515.0143888}