{"duration": 0.02069544792175293, "input_args": {"term": "'gawat'"}, "time": 1767866622.909129}