{"duration": 0.633155345916748, "input_args": {"term": "'mewakili'"}, "time": 1767866554.217369}