{"duration": 0.039533376693725586, "input_args": {"term": "'ditoilet'"}, "time": 1767866589.8701258}