{"duration": 0.04262948036193848, "input_args": {"term": "'andalanmu'"}, "time": 1767866579.588865}