{"duration": 0.017421245574951172, "input_args": {"term": "'ala'"}, "time": 1767866581.306154}