{"duration": 0.03748154640197754, "input_args": {"term": "'maraknya'"}, "time": 1767866580.5900643}