{"duration": 1.321702241897583, "input_args": {"term": "'gamau'"}, "time": 1767866539.0857062}