{"duration": 0.019559860229492188, "input_args": {"term": "'inflasi'"}, "time": 1767866613.1585376}