{"duration": 0.0019893646240234375, "input_args": {"term": "'korup'"}, "time": 1767866502.639424}