{"duration": 0.9495382308959961, "input_args": {"term": "'atik'"}, "time": 1767866546.456512}