{"duration": 0.9275333881378174, "input_args": {"term": "'terupdate'"}, "time": 1767866608.848804}