{"duration": 0.10787463188171387, "input_args": {"term": "'terkaya'"}, "time": 1767866539.9612029}