{"duration": 1.391901969909668, "input_args": {"term": "'port'"}, "time": 1767866524.6437683}