{"duration": 0.029314279556274414, "input_args": {"term": "'konsisten'"}, "time": 1767866607.986983}