{"duration": 0.023434162139892578, "input_args": {"term": "'takhta'"}, "time": 1767866533.3539758}