{"duration": 0.02116870880126953, "input_args": {"term": "'sedang'"}, "time": 1767866521.2050114}