{"duration": 0.3439033031463623, "input_args": {"term": "'pendapatnya'"}, "time": 1767866551.8220363}