{"duration": 0.030449390411376953, "input_args": {"term": "'guru'"}, "time": 1767866623.0703967}