{"duration": 0.020693302154541016, "input_args": {"term": "'tanya'"}, "time": 1767866515.342239}