{"duration": 0.02717304229736328, "input_args": {"term": "'daftar'"}, "time": 1767866529.1264093}