{"duration": 1.2680695056915283, "input_args": {"term": "'omon'"}, "time": 1767866584.4575753}