{"duration": 1.0785362720489502, "input_args": {"term": "'boycot'"}, "time": 1767866589.480453}