{"duration": 0.01334834098815918, "input_args": {"term": "'gaji'"}, "time": 1767866583.7952993}