{"duration": 1.111417293548584, "input_args": {"term": "'sukaneh'"}, "time": 1767866507.3634007}