{"duration": 0.016124963760375977, "input_args": {"term": "'cocok'"}, "time": 1767866620.4844222}