{"duration": 0.03807854652404785, "input_args": {"term": "'matang'"}, "time": 1767866611.62507}