{"duration": 0.056832313537597656, "input_args": {"term": "'dipecat'"}, "time": 1767866599.5094852}