{"duration": 1.3722846508026123, "input_args": {"term": "'negaralantas'"}, "time": 1767866585.2189894}