{"duration": 0.03210735321044922, "input_args": {"term": "'tegas'"}, "time": 1767866546.517986}