{"duration": 0.03606057167053223, "input_args": {"term": "'hidupnya'"}, "time": 1767866555.187837}