{"duration": 2.0795652866363525, "input_args": {"term": "'mambili'"}, "time": 1767866622.0426102}