{"duration": 2.075059175491333, "input_args": {"term": "'lwan'"}, "time": 1767866601.8673174}