{"duration": 0.04648113250732422, "input_args": {"term": "'kebetulan'"}, "time": 1767866514.3118615}