{"duration": 0.9527933597564697, "input_args": {"term": "'mencle'"}, "time": 1767866625.2770612}