{"duration": 1.0824432373046875, "input_args": {"term": "'gold'"}, "time": 1767866507.3955786}