{"duration": 0.02777385711669922, "input_args": {"term": "'besok'"}, "time": 1767866507.5169475}