{"duration": 0.041391611099243164, "input_args": {"term": "'diangkat'"}, "time": 1767866576.5066648}