{"duration": 0.18339896202087402, "input_args": {"term": "'menentukan'"}, "time": 1767866624.1333985}