{"duration": 0.15694570541381836, "input_args": {"term": "'mengobrol'"}, "time": 1767866555.250017}