{"duration": 2.633119583129883, "input_args": {"term": "'imbalanya'"}, "time": 1767866524.4357758}