{"duration": 0.7727375030517578, "input_args": {"term": "'rawamangun'"}, "time": 1767866503.5526466}