{"duration": 0.07994580268859863, "input_args": {"term": "'terealisasi'"}, "time": 1767866585.334994}