{"duration": 1.2510547637939453, "input_args": {"term": "'sblmny'"}, "time": 1767866606.605578}