{"duration": 2.478708028793335, "input_args": {"term": "'baperan'"}, "time": 1767866509.1534462}