{"duration": 0.05226325988769531, "input_args": {"term": "'pasangan'"}, "time": 1767866531.3175073}