{"duration": 0.16625308990478516, "input_args": {"term": "'pemakaian'"}, "time": 1767866503.1010237}