{"duration": 0.009202957153320312, "input_args": {"term": "'ymk'"}, "time": 1767866501.0451145}