{"duration": 0.012336969375610352, "input_args": {"term": "'beliau'"}, "time": 1767866512.5301714}