{"duration": 0.05328011512756348, "input_args": {"term": "'ono'"}, "time": 1767866566.960759}