{"duration": 0.003123760223388672, "input_args": {"term": "'bareng'"}, "time": 1767866500.8070898}