{"duration": 0.02575540542602539, "input_args": {"term": "'kagum'"}, "time": 1767866608.2906897}