{"duration": 0.05774569511413574, "input_args": {"term": "'maf'"}, "time": 1767866529.9679327}