{"duration": 0.04284191131591797, "input_args": {"term": "'sahabatnya'"}, "time": 1767866620.3074117}