{"duration": 0.006853818893432617, "input_args": {"term": "'parasit'"}, "time": 1767866502.6620479}