{"duration": 0.021536827087402344, "input_args": {"term": "'ikan'"}, "time": 1767866580.4483168}