{"duration": 0.022681713104248047, "input_args": {"term": "'gampang'"}, "time": 1767866584.8849285}