{"duration": 0.8074069023132324, "input_args": {"term": "'keburubagus'"}, "time": 1767866543.9700327}