{"duration": 1.2819714546203613, "input_args": {"term": "'ngreset'"}, "time": 1767866583.4978917}