{"duration": 2.4839985370635986, "input_args": {"term": "'nagihnya'"}, "time": 1767866541.1121275}