{"duration": 0.028340816497802734, "input_args": {"term": "'pencet'"}, "time": 1767866601.3212464}