{"duration": 0.14197754859924316, "input_args": {"term": "'melaksanakan'"}, "time": 1767866531.9619982}