{"duration": 1.130183458328247, "input_args": {"term": "'gara'"}, "time": 1767866546.9806013}