{"duration": 1.764967679977417, "input_args": {"term": "'sugan'"}, "time": 1767866535.9925406}