{"duration": 0.04440474510192871, "input_args": {"term": "'murni'"}, "time": 1767866591.7608256}