{"duration": 0.9179961681365967, "input_args": {"term": "'pengabpengab'"}, "time": 1767866563.4410808}