{"duration": 0.12063288688659668, "input_args": {"term": "'terkenal'"}, "time": 1767866582.6370103}