{"duration": 0.022449016571044922, "input_args": {"term": "'pokok'"}, "time": 1767866508.543158}