{"duration": 0.017489910125732422, "input_args": {"term": "'ahli'"}, "time": 1767866543.1102128}