{"duration": 1.2107641696929932, "input_args": {"term": "'juniors'"}, "time": 1767866518.4191825}