{"duration": 2.727379560470581, "input_args": {"term": "'jokowi'"}, "time": 1767866606.0305264}