{"duration": 0.021209239959716797, "input_args": {"term": "'nasionalis'"}, "time": 1767866581.6311915}