{"duration": 0.02921295166015625, "input_args": {"term": "'pimpin'"}, "time": 1767866617.275986}