{"duration": 0.1473853588104248, "input_args": {"term": "'yanyesel'"}, "time": 1767866501.7166753}