{"duration": 1.050194501876831, "input_args": {"term": "'nangung'"}, "time": 1767866581.242406}