{"duration": 1.1289477348327637, "input_args": {"term": "'alohuma'"}, "time": 1767866588.8107724}