{"duration": 0.032410621643066406, "input_args": {"term": "'fisiknya'"}, "time": 1767866579.6571593}