{"duration": 0.026189565658569336, "input_args": {"term": "'ego'"}, "time": 1767866527.0519793}