{"duration": 0.04847455024719238, "input_args": {"term": "'malahan'"}, "time": 1767866551.3586242}