{"duration": 2.228985548019409, "input_args": {"term": "'lokernya'"}, "time": 1767866564.4820147}