{"duration": 0.0728156566619873, "input_args": {"term": "'bersamamu'"}, "time": 1767866544.6741512}