{"duration": 0.025441408157348633, "input_args": {"term": "'nyali'"}, "time": 1767866602.729457}