{"duration": 0.01893782615661621, "input_args": {"term": "'grogi'"}, "time": 1767866503.8270009}