{"duration": 0.016035079956054688, "input_args": {"term": "'jurnal'"}, "time": 1767866555.2867305}