{"duration": 1.1990938186645508, "input_args": {"term": "'negra'"}, "time": 1767866544.2184258}