{"duration": 1.1681842803955078, "input_args": {"term": "'menikmati'"}, "time": 1767866521.0550985}