{"duration": 1.0444583892822266, "input_args": {"term": "'subianto'"}, "time": 1767866528.3588877}