{"duration": 0.02435016632080078, "input_args": {"term": "'dadi'"}, "time": 1767866597.597411}