{"duration": 0.030637502670288086, "input_args": {"term": "'rupiah'"}, "time": 1767866603.8624752}