{"duration": 0.029114246368408203, "input_args": {"term": "'importir'"}, "time": 1767866582.2070754}