{"duration": 1.6189823150634766, "input_args": {"term": "'digantikesanya'"}, "time": 1767866610.7427785}