{"duration": 0.027965545654296875, "input_args": {"term": "'dunia'"}, "time": 1767866584.2316043}