{"duration": 0.05581974983215332, "input_args": {"term": "'ot'"}, "time": 1767866517.7741249}