{"duration": 0.0013918876647949219, "input_args": {"term": "'alquran'"}, "time": 1767866501.1563776}