{"duration": 0.07115674018859863, "input_args": {"term": "'ku'"}, "time": 1767866524.5686986}