{"duration": 0.057418107986450195, "input_args": {"term": "'disentil'"}, "time": 1767866589.289119}