{"duration": 0.0189361572265625, "input_args": {"term": "'bisnis'"}, "time": 1767866611.767604}