{"duration": 0.07141470909118652, "input_args": {"term": "'berharap'"}, "time": 1767866515.5804205}