{"duration": 0.016866207122802734, "input_args": {"term": "'batal'"}, "time": 1767866512.2268994}