{"duration": 0.04841470718383789, "input_args": {"term": "'luasnya'"}, "time": 1767866613.1104913}