{"duration": 0.04525279998779297, "input_args": {"term": "'stm'"}, "time": 1767866534.8681498}