{"duration": 0.048720598220825195, "input_args": {"term": "'sepertinya'"}, "time": 1767866565.0018847}