{"duration": 2.1879665851593018, "input_args": {"term": "'laporanya'"}, "time": 1767866533.7470126}