{"duration": 1.1551966667175293, "input_args": {"term": "'include'"}, "time": 1767866518.4870431}