{"duration": 0.022901058197021484, "input_args": {"term": "'atur'"}, "time": 1767866621.4398158}