{"duration": 0.9474570751190186, "input_args": {"term": "'kesejahteran'"}, "time": 1767866537.1897385}