{"duration": 0.027410507202148438, "input_args": {"term": "'niscaya'"}, "time": 1767866558.5557647}