{"duration": 0.04768204689025879, "input_args": {"term": "'lilahi'"}, "time": 1767866595.6217482}