{"duration": 0.05536007881164551, "input_args": {"term": "'keuntungan'"}, "time": 1767866531.71338}