{"duration": 0.0524752140045166, "input_args": {"term": "'musuhi'"}, "time": 1767866522.467286}