{"duration": 0.00844120979309082, "input_args": {"term": "'berikut'"}, "time": 1767866502.3553967}