{"duration": 0.04024052619934082, "input_args": {"term": "'diseret'"}, "time": 1767866553.4164581}