{"duration": 0.03731870651245117, "input_args": {"term": "'diberi'"}, "time": 1767866599.5223522}