{"duration": 0.015021562576293945, "input_args": {"term": "'lomba'"}, "time": 1767866554.13679}