{"duration": 1.3971922397613525, "input_args": {"term": "'pacang'"}, "time": 1767866585.3515244}