{"duration": 1.2313411235809326, "input_args": {"term": "'nyimpen'"}, "time": 1767866609.0770032}