{"duration": 0.02763080596923828, "input_args": {"term": "'negara'"}, "time": 1767866585.791131}