{"duration": 0.05141949653625488, "input_args": {"term": "'dipercaya'"}, "time": 1767866612.2048252}