{"duration": 0.020569562911987305, "input_args": {"term": "'kilang'"}, "time": 1767866543.1461077}