{"duration": 0.019440412521362305, "input_args": {"term": "'usut'"}, "time": 1767866625.8313544}