{"duration": 0.04384040832519531, "input_args": {"term": "'ketum'"}, "time": 1767866513.684893}