{"duration": 0.047728538513183594, "input_args": {"term": "'gda'"}, "time": 1767866553.249702}