{"duration": 1.2839734554290771, "input_args": {"term": "'nabung'"}, "time": 1767866540.465943}