{"duration": 1.4834933280944824, "input_args": {"term": "'jadin'"}, "time": 1767866564.9242463}