{"duration": 0.02378678321838379, "input_args": {"term": "'satu'"}, "time": 1767866519.1996176}