{"duration": 1.1145634651184082, "input_args": {"term": "'oversight'"}, "time": 1767866545.2007117}