{"duration": 1.2031149864196777, "input_args": {"term": "'preogatif'"}, "time": 1767866606.7133875}