{"duration": 0.018001794815063477, "input_args": {"term": "'diri'"}, "time": 1767866559.853478}