{"duration": 0.8543119430541992, "input_args": {"term": "'hebatorang'"}, "time": 1767866630.654389}