{"duration": 1.1733086109161377, "input_args": {"term": "'dejavu'"}, "time": 1767866601.1910126}