{"duration": 0.030706405639648438, "input_args": {"term": "'uln'"}, "time": 1767866554.4555542}