{"duration": 0.0686638355255127, "input_args": {"term": "'kesehatan'"}, "time": 1767866611.3293364}