{"duration": 1.4222030639648438, "input_args": {"term": "'pangung'"}, "time": 1767866601.9736207}