{"duration": 0.13883638381958008, "input_args": {"term": "'membengkak'"}, "time": 1767866532.8501241}