{"duration": 0.9579648971557617, "input_args": {"term": "'yaquen'"}, "time": 1767866600.7950702}