{"duration": 0.03238368034362793, "input_args": {"term": "'sendiri'"}, "time": 1767866521.1413667}