{"duration": 0.015830516815185547, "input_args": {"term": "'bendahara'"}, "time": 1767866614.1950476}