{"duration": 0.014647483825683594, "input_args": {"term": "'mayoritas'"}, "time": 1767866519.3747485}