{"duration": 0.06263256072998047, "input_args": {"term": "':'"}, "time": 1767866526.0302825}