{"duration": 0.05908036231994629, "input_args": {"term": "'berbobot'"}, "time": 1767866582.007336}