{"duration": 0.03578042984008789, "input_args": {"term": "'politiknya'"}, "time": 1767866583.5752814}