{"duration": 0.03851628303527832, "input_args": {"term": "'kalahkah'"}, "time": 1767866551.0509846}