{"duration": 0.12431550025939941, "input_args": {"term": "'pengawasan'"}, "time": 1767866502.7050128}