{"duration": 0.0372014045715332, "input_args": {"term": "'hitungan'"}, "time": 1767866537.26232}