{"duration": 0.025821447372436523, "input_args": {"term": "'patuh'"}, "time": 1767866564.1490333}