{"duration": 0.057930946350097656, "input_args": {"term": "'dikasih'"}, "time": 1767866594.4706106}