{"duration": 3.6858718395233154, "input_args": {"term": "'alhamdulilah'"}, "time": 1767866580.8037696}