{"duration": 0.03329181671142578, "input_args": {"term": "'prestasinya'"}, "time": 1767866625.9377086}