{"duration": 0.03480124473571777, "input_args": {"term": "'adanya'"}, "time": 1767866595.3860848}