{"duration": 1.1631524562835693, "input_args": {"term": "'smnjak'"}, "time": 1767866546.9618182}