{"duration": 0.03454923629760742, "input_args": {"term": "'komparasi'"}, "time": 1767866592.391649}