{"duration": 0.022277116775512695, "input_args": {"term": "'tidur'"}, "time": 1767866595.5238125}