{"duration": 0.04032087326049805, "input_args": {"term": "'keknya'"}, "time": 1767866556.4790523}