{"duration": 0.06925272941589355, "input_args": {"term": "'berkualitas'"}, "time": 1767866538.0129662}