{"duration": 0.06768202781677246, "input_args": {"term": "'gp'"}, "time": 1767866603.0425844}