{"duration": 2.665431261062622, "input_args": {"term": "'headlinenya'"}, "time": 1767866570.1971393}