{"duration": 0.023671388626098633, "input_args": {"term": "'nama'"}, "time": 1767866600.8060794}