{"duration": 0.021898269653320312, "input_args": {"term": "'gratis'"}, "time": 1767866529.6459956}