{"duration": 1.364863395690918, "input_args": {"term": "'darioada'"}, "time": 1767866585.6925979}