{"duration": 0.01802372932434082, "input_args": {"term": "'aku'"}, "time": 1767866566.7757096}