{"duration": 0.053711652755737305, "input_args": {"term": "'sekeluarga'"}, "time": 1767866548.5921924}