{"duration": 1.2891321182250977, "input_args": {"term": "'hadepin'"}, "time": 1767866508.0842865}