{"duration": 1.248328685760498, "input_args": {"term": "'nyalain'"}, "time": 1767866626.968147}