{"duration": 0.045296669006347656, "input_args": {"term": "'titipan'"}, "time": 1767866560.4338748}