{"duration": 0.13250494003295898, "input_args": {"term": "'sricukup'"}, "time": 1767866502.5815215}