{"duration": 0.01777791976928711, "input_args": {"term": "'kata'"}, "time": 1767866581.0376184}