{"duration": 0.059281349182128906, "input_args": {"term": "'mbg'"}, "time": 1767866599.234593}