{"duration": 0.03321719169616699, "input_args": {"term": "'pakem'"}, "time": 1767866572.0039563}