{"duration": 1.5245842933654785, "input_args": {"term": "'enginer'"}, "time": 1767866568.810563}