{"duration": 1.4239323139190674, "input_args": {"term": "'ports'"}, "time": 1767866526.6555572}