{"duration": 0.04733014106750488, "input_args": {"term": "'keliatanlah'"}, "time": 1767866545.373848}