{"duration": 2.758594036102295, "input_args": {"term": "'ancuran'"}, "time": 1767866575.9584012}