{"duration": 0.03955793380737305, "input_args": {"term": "'kerjanya'"}, "time": 1767866623.735313}