{"duration": 0.03879499435424805, "input_args": {"term": "'setoran'"}, "time": 1767866540.887516}