{"duration": 0.0429074764251709, "input_args": {"term": "'pajaklah'"}, "time": 1767866537.768992}