{"duration": 1.3344061374664307, "input_args": {"term": "'pamenkeu'"}, "time": 1767866598.7049663}