{"duration": 0.026493549346923828, "input_args": {"term": "'syukur'"}, "time": 1767866561.4698243}