{"duration": 0.05096292495727539, "input_args": {"term": "'kepentingan'"}, "time": 1767866534.6491082}