{"duration": 0.023168325424194336, "input_args": {"term": "'lebih'"}, "time": 1767866555.5416992}