{"duration": 0.05481100082397461, "input_args": {"term": "'punyai'"}, "time": 1767866598.419396}