{"duration": 2.0639102458953857, "input_args": {"term": "'brti'"}, "time": 1767866531.6411679}