{"duration": 0.061699867248535156, "input_args": {"term": "'wp'"}, "time": 1767866527.1971273}