{"duration": 1.2468855381011963, "input_args": {"term": "'godjob'"}, "time": 1767866515.6075299}