{"duration": 0.050154685974121094, "input_args": {"term": "'p'"}, "time": 1767866619.6490939}