{"duration": 0.032393693923950195, "input_args": {"term": "'inilah'"}, "time": 1767866576.9912455}