{"duration": 1.46876859664917, "input_args": {"term": "'ayuha'"}, "time": 1767866542.8246171}