{"duration": 1.4879984855651855, "input_args": {"term": "'gmna'"}, "time": 1767866568.9426036}