{"duration": 0.058795928955078125, "input_args": {"term": "'didukung'"}, "time": 1767866517.4372923}