{"duration": 0.04212141036987305, "input_args": {"term": "'yuh'"}, "time": 1767866562.2343063}