{"duration": 0.0421750545501709, "input_args": {"term": "'sebaiknya'"}, "time": 1767866616.8064528}