{"duration": 1.362170934677124, "input_args": {"term": "'backingane'"}, "time": 1767866627.4777267}