{"duration": 0.026256799697875977, "input_args": {"term": "'giro'"}, "time": 1767866575.472579}