{"duration": 1.0101659297943115, "input_args": {"term": "'decision'"}, "time": 1767866566.903755}