{"duration": 0.03298521041870117, "input_args": {"term": "'kandungan'"}, "time": 1767866513.796858}