{"duration": 0.05228447914123535, "input_args": {"term": "'dihitung'"}, "time": 1767866584.5266926}