{"duration": 0.02501201629638672, "input_args": {"term": "'rujak'"}, "time": 1767866558.794692}