{"duration": 1.0643856525421143, "input_args": {"term": "'boca'"}, "time": 1767866589.8455575}