{"duration": 1.2732353210449219, "input_args": {"term": "'wrga'"}, "time": 1767866549.245795}