{"duration": 0.02068781852722168, "input_args": {"term": "'nasehat'"}, "time": 1767866549.1896942}