{"duration": 0.018326520919799805, "input_args": {"term": "'awas'"}, "time": 1767866545.9566057}