{"duration": 1.2913854122161865, "input_args": {"term": "'textile'"}, "time": 1767866615.9764855}