{"duration": 1.3367490768432617, "input_args": {"term": "'lahcapek'"}, "time": 1767866527.0244267}