{"duration": 0.0276641845703125, "input_args": {"term": "'asyik'"}, "time": 1767866560.7812717}