{"duration": 0.040116310119628906, "input_args": {"term": "'tanda'"}, "time": 1767866578.3276284}