{"duration": 0.05741262435913086, "input_args": {"term": "'kemungkinan'"}, "time": 1767866520.8668416}