{"duration": 1.0779104232788086, "input_args": {"term": "'simuha'"}, "time": 1767866545.8502076}