{"duration": 0.025321483612060547, "input_args": {"term": "'sekadar'"}, "time": 1767866504.7548757}