{"duration": 2.8650264739990234, "input_args": {"term": "'hahahakasihan'"}, "time": 1767866577.1213462}