{"duration": 1.4023478031158447, "input_args": {"term": "'pakmisal'"}, "time": 1767866585.219359}