{"duration": 0.03564119338989258, "input_args": {"term": "'sentral'"}, "time": 1767866598.2846053}