{"duration": 0.7619249820709229, "input_args": {"term": "'diutak'"}, "time": 1767866545.0089676}