{"duration": 0.10987591743469238, "input_args": {"term": "'terlahir'"}, "time": 1767866559.516624}