{"duration": 0.025178909301757812, "input_args": {"term": "'program'"}, "time": 1767866589.6631987}