{"duration": 0.013684749603271484, "input_args": {"term": "'mundur'"}, "time": 1767866554.4834886}