{"duration": 0.05106949806213379, "input_args": {"term": "'berhasil'"}, "time": 1767866623.2665944}