{"duration": 0.03493762016296387, "input_args": {"term": "'disuruh'"}, "time": 1767866623.3546815}