{"duration": 0.014535665512084961, "input_args": {"term": "'internasional'"}, "time": 1767866545.6479614}