{"duration": 0.024031639099121094, "input_args": {"term": "'kena'"}, "time": 1767866601.0724883}