{"duration": 1.4328713417053223, "input_args": {"term": "'ajacmiw'"}, "time": 1767866523.0580487}