{"duration": 0.12613248825073242, "input_args": {"term": "'termasuk'"}, "time": 1767866605.7921169}