{"duration": 1.3250818252563477, "input_args": {"term": "'sopo'"}, "time": 1767866592.0635796}