{"duration": 3.2063159942626953, "input_args": {"term": "'yakenakan'"}, "time": 1767866506.8032997}