{"duration": 0.04422116279602051, "input_args": {"term": "'didalam'"}, "time": 1767866565.6705706}