{"duration": 0.017429113388061523, "input_args": {"term": "'tempat'"}, "time": 1767866534.8749888}