{"duration": 1.412210464477539, "input_args": {"term": "'hecker'"}, "time": 1767866527.2553277}