{"duration": 2.792384624481201, "input_args": {"term": "'backingan'"}, "time": 1767866552.7092812}