{"duration": 0.9449551105499268, "input_args": {"term": "'dibuly'"}, "time": 1767866599.4320667}