{"duration": 0.05772280693054199, "input_args": {"term": "'ditelinga'"}, "time": 1767866504.1647768}