{"duration": 1.2657074928283691, "input_args": {"term": "'busines'"}, "time": 1767866509.8932755}