{"duration": 0.014418840408325195, "input_args": {"term": "'awam'"}, "time": 1767866512.1192098}