{"duration": 0.020146608352661133, "input_args": {"term": "'lama'"}, "time": 1767866587.1596067}