{"duration": 0.1407639980316162, "input_args": {"term": "'menghasilkan'"}, "time": 1767866555.2099469}