{"duration": 0.06320810317993164, "input_args": {"term": "'hm'"}, "time": 1767866552.1335058}