{"duration": 1.4113821983337402, "input_args": {"term": "'whosh'"}, "time": 1767866526.3327086}