{"duration": 0.9490911960601807, "input_args": {"term": "'semesti'"}, "time": 1767866611.290661}