{"duration": 0.006939411163330078, "input_args": {"term": "'diluar'"}, "time": 1767866502.0596888}