{"duration": 0.29524779319763184, "input_args": {"term": "'rispektapi'"}, "time": 1767866502.0025294}