{"duration": 0.9389994144439697, "input_args": {"term": "'sehatsehat'"}, "time": 1767866605.0938075}