{"duration": 0.04899334907531738, "input_args": {"term": "'lindungan'"}, "time": 1767866505.1441042}