{"duration": 0.03378033638000488, "input_args": {"term": "'fre'"}, "time": 1767866503.0588405}