{"duration": 1.2256994247436523, "input_args": {"term": "'baybieh'"}, "time": 1767866511.7299442}