{"duration": 0.8549153804779053, "input_args": {"term": "'king'"}, "time": 1767866554.288217}