{"duration": 1.0651447772979736, "input_args": {"term": "'ahok'"}, "time": 1767866620.4395416}