{"duration": 1.4366469383239746, "input_args": {"term": "'flog'"}, "time": 1767866599.0821924}