{"duration": 0.01637411117553711, "input_args": {"term": "'jeng'"}, "time": 1767866534.2128882}