{"duration": 0.040465354919433594, "input_args": {"term": "'rakyatmu'"}, "time": 1767866568.8528233}