{"duration": 0.052304983139038086, "input_args": {"term": "'pekerjaan'"}, "time": 1767866500.668822}