{"duration": 1.3887040615081787, "input_args": {"term": "'paslon'"}, "time": 1767866557.3977923}