{"duration": 0.021036386489868164, "input_args": {"term": "'baju'"}, "time": 1767866574.0939846}