{"duration": 0.04161834716796875, "input_args": {"term": "'kodekah'"}, "time": 1767866509.8231905}