{"duration": 0.022284984588623047, "input_args": {"term": "'lahan'"}, "time": 1767866600.0927262}