{"duration": 0.04703330993652344, "input_args": {"term": "'asalkan'"}, "time": 1767866525.409921}