{"duration": 0.05782437324523926, "input_args": {"term": "'aw'"}, "time": 1767866511.92376}