{"duration": 0.03207683563232422, "input_args": {"term": "'umpan'"}, "time": 1767866540.3521154}