{"duration": 0.047699928283691406, "input_args": {"term": "'pejuang'"}, "time": 1767866500.3862588}