{"duration": 2.1875927448272705, "input_args": {"term": "'lagidengan'"}, "time": 1767866591.0277402}