{"duration": 0.053086280822753906, "input_args": {"term": "'kebenaran'"}, "time": 1767866586.6515155}