{"duration": 3.150639057159424, "input_args": {"term": "'mengunakan'"}, "time": 1767866542.7645724}