{"duration": 0.48321080207824707, "input_args": {"term": "'kumau'"}, "time": 1767866615.2338996}