{"duration": 0.04337787628173828, "input_args": {"term": "'at'"}, "time": 1767866527.5842524}