{"duration": 0.013656854629516602, "input_args": {"term": "'duta'"}, "time": 1767866554.6990707}