{"duration": 0.0427243709564209, "input_args": {"term": "'cerei'"}, "time": 1767866606.3822734}