{"duration": 0.013682365417480469, "input_args": {"term": "'aduh'"}, "time": 1767866562.4087179}