{"duration": 0.2849397659301758, "input_args": {"term": "'dipermukan'"}, "time": 1767866610.270733}