{"duration": 0.02147698402404785, "input_args": {"term": "'laki'"}, "time": 1767866503.5403607}