{"duration": 0.03358125686645508, "input_args": {"term": "'sasaran'"}, "time": 1767866625.4935987}