{"duration": 0.01434946060180664, "input_args": {"term": "'kesini'"}, "time": 1767866544.196404}