{"duration": 0.02789902687072754, "input_args": {"term": "'kecil'"}, "time": 1767866526.6152372}