{"duration": 0.19559860229492188, "input_args": {"term": "'simul'"}, "time": 1767866500.6459343}