{"duration": 2.651430606842041, "input_args": {"term": "'ilinois'"}, "time": 1767866602.8088486}