{"duration": 0.04420948028564453, "input_args": {"term": "'jbr'"}, "time": 1767866553.9377093}