{"duration": 2.4334418773651123, "input_args": {"term": "'starbucknya'"}, "time": 1767866510.1524055}