{"duration": 0.11433219909667969, "input_args": {"term": "'tersedia'"}, "time": 1767866589.451852}