{"duration": 0.02513432502746582, "input_args": {"term": "'haji'"}, "time": 1767866605.1333797}