{"duration": 1.3780930042266846, "input_args": {"term": "'perbedan'"}, "time": 1767866594.2856054}