{"duration": 0.019928455352783203, "input_args": {"term": "'nota'"}, "time": 1767866521.331842}