{"duration": 1.264345645904541, "input_args": {"term": "'yasudah'"}, "time": 1767866582.9055629}