{"duration": 2.267892360687256, "input_args": {"term": "'alasanya'"}, "time": 1767866582.4202032}