{"duration": 0.011734247207641602, "input_args": {"term": "'politik'"}, "time": 1767866533.477925}