{"duration": 0.07273221015930176, "input_args": {"term": "'btc'"}, "time": 1767866622.1481018}