{"duration": 1.2570106983184814, "input_args": {"term": "'brand'"}, "time": 1767866591.1149302}