{"duration": 1.3779451847076416, "input_args": {"term": "'mlehoy'"}, "time": 1767866605.4886134}