{"duration": 0.06036067008972168, "input_args": {"term": "'ditagih'"}, "time": 1767866564.0497384}