{"duration": 0.0223238468170166, "input_args": {"term": "'muda'"}, "time": 1767866595.8382373}