{"duration": 1.1689417362213135, "input_args": {"term": "'tebulik'"}, "time": 1767866617.1732876}