{"duration": 0.02712106704711914, "input_args": {"term": "'haram'"}, "time": 1767866544.762516}