{"duration": 2.111837863922119, "input_args": {"term": "'redenominasi'"}, "time": 1767866627.3461084}