{"duration": 0.023368120193481445, "input_args": {"term": "'ketemu'"}, "time": 1767866608.5415716}