{"duration": 1.007718801498413, "input_args": {"term": "'pina'"}, "time": 1767866581.8757918}