{"duration": 1.5267233848571777, "input_args": {"term": "'pengenya'"}, "time": 1767866524.6660156}