{"duration": 0.919299840927124, "input_args": {"term": "'tersingung'"}, "time": 1767866559.5794978}