{"duration": 0.03712320327758789, "input_args": {"term": "'habiskan'"}, "time": 1767866589.70584}