{"duration": 0.00391840934753418, "input_args": {"term": "'tantang'"}, "time": 1767866501.6223204}