{"duration": 0.007082223892211914, "input_args": {"term": "'am'"}, "time": 1767866500.6532907}