{"duration": 1.4364476203918457, "input_args": {"term": "'know'"}, "time": 1767866628.3325634}