{"duration": 0.01815056800842285, "input_args": {"term": "'palak'"}, "time": 1767866563.3297515}