{"duration": 1.2805159091949463, "input_args": {"term": "'tewak'"}, "time": 1767866559.0079691}