{"duration": 0.014548778533935547, "input_args": {"term": "'salut'"}, "time": 1767866565.8739245}