{"duration": 2.6602580547332764, "input_args": {"term": "'basri'"}, "time": 1767866575.452966}