{"duration": 0.027063846588134766, "input_args": {"term": "'martabak'"}, "time": 1767866565.0152624}