{"duration": 0.03958868980407715, "input_args": {"term": "'biasanya'"}, "time": 1767866612.431471}