{"duration": 0.02118229866027832, "input_args": {"term": "'hormat'"}, "time": 1767866534.4327998}