{"duration": 0.02153182029724121, "input_args": {"term": "'bilang'"}, "time": 1767866626.5447254}