{"duration": 3.579181432723999, "input_args": {"term": "'adalahjadinya'"}, "time": 1767866569.4967155}