{"duration": 0.02331852912902832, "input_args": {"term": "'minat'"}, "time": 1767866606.693417}