{"duration": 0.015527725219726562, "input_args": {"term": "'memang'"}, "time": 1767866625.6144934}