{"duration": 0.003109455108642578, "input_args": {"term": "'rasa'"}, "time": 1767866501.5193222}