{"duration": 0.019390583038330078, "input_args": {"term": "'maksimal'"}, "time": 1767866539.7678232}