{"duration": 0.04986238479614258, "input_args": {"term": "'kejutan'"}, "time": 1767866596.219095}