{"duration": 0.025023460388183594, "input_args": {"term": "'pidato'"}, "time": 1767866513.726014}