{"duration": 0.018743038177490234, "input_args": {"term": "'kompak'"}, "time": 1767866614.0157514}