{"duration": 0.020424604415893555, "input_args": {"term": "'kritik'"}, "time": 1767866562.9913368}