{"duration": 0.02747964859008789, "input_args": {"term": "'siasatnya'"}, "time": 1767866596.9793763}