{"duration": 0.015963077545166016, "input_args": {"term": "'boros'"}, "time": 1767866543.2457762}