{"duration": 0.05102682113647461, "input_args": {"term": "'cie'"}, "time": 1767866607.0806444}