{"duration": 0.019974231719970703, "input_args": {"term": "'macet'"}, "time": 1767866561.364142}