{"duration": 0.002782583236694336, "input_args": {"term": "'pilih'"}, "time": 1767866501.3207858}