{"duration": 1.2417848110198975, "input_args": {"term": "'ngejarah'"}, "time": 1767866622.634916}