{"duration": 0.026685237884521484, "input_args": {"term": "'disiplin'"}, "time": 1767866550.8587973}