{"duration": 0.0031671524047851562, "input_args": {"term": "'bedah'"}, "time": 1767866502.0331988}