{"duration": 0.053075313568115234, "input_args": {"term": "'dihindarkan'"}, "time": 1767866601.9168322}