{"duration": 0.028508901596069336, "input_args": {"term": "'semesta'"}, "time": 1767866588.004145}