{"duration": 1.2527055740356445, "input_args": {"term": "'gantisiapa'"}, "time": 1767866625.2440906}