{"duration": 1.0145525932312012, "input_args": {"term": "'newbie'"}, "time": 1767866563.0893383}