{"duration": 2.052816390991211, "input_args": {"term": "'menku'"}, "time": 1767866601.465742}