{"duration": 0.01954364776611328, "input_args": {"term": "'bagaimana'"}, "time": 1767866555.032356}