{"duration": 0.004341840744018555, "input_args": {"term": "'tabungan'"}, "time": 1767866501.1142778}