{"duration": 0.0455479621887207, "input_args": {"term": "'now'"}, "time": 1767866544.1988792}