{"duration": 0.18588685989379883, "input_args": {"term": "'kementrian'"}, "time": 1767866538.2064672}