{"duration": 1.098435401916504, "input_args": {"term": "'pect'"}, "time": 1767866547.1504912}