{"duration": 0.05636405944824219, "input_args": {"term": "'dmo'"}, "time": 1767866626.2421427}