{"duration": 0.6835947036743164, "input_args": {"term": "'dikorop'"}, "time": 1767866629.816993}