{"duration": 1.2685368061065674, "input_args": {"term": "'cepe'"}, "time": 1767866549.1311586}