{"duration": 0.02822136878967285, "input_args": {"term": "'utuh'"}, "time": 1767866596.7095714}