{"duration": 0.13070011138916016, "input_args": {"term": "'sowak'"}, "time": 1767866501.424931}