{"duration": 1.7782416343688965, "input_args": {"term": "'kegelepan'"}, "time": 1767866586.3441536}