{"duration": 0.03461885452270508, "input_args": {"term": "'undang'"}, "time": 1767866622.0309818}