{"duration": 0.03764533996582031, "input_args": {"term": "'bersalah'"}, "time": 1767866618.443164}