{"duration": 0.019923686981201172, "input_args": {"term": "'belakang'"}, "time": 1767866615.9882016}