{"duration": 0.015772581100463867, "input_args": {"term": "'anjlok'"}, "time": 1767866555.756999}