{"duration": 0.06403422355651855, "input_args": {"term": "'wes'"}, "time": 1767866564.6444075}