{"duration": 0.01894068717956543, "input_args": {"term": "'kosong'"}, "time": 1767866620.5475018}