{"duration": 0.024698734283447266, "input_args": {"term": "'hebat'"}, "time": 1767866569.8740528}