{"duration": 1.428335428237915, "input_args": {"term": "'firaun'"}, "time": 1767866564.7658143}