{"duration": 0.37833213806152344, "input_args": {"term": "'penanganan'"}, "time": 1767866525.4533596}