{"duration": 1.4251103401184082, "input_args": {"term": "'kepirgahan'"}, "time": 1767866514.0249481}