{"duration": 0.044059038162231445, "input_args": {"term": "'terjangnya'"}, "time": 1767866565.304803}