{"duration": 0.05722475051879883, "input_args": {"term": "'bertahap'"}, "time": 1767866620.9055173}