{"duration": 0.035613059997558594, "input_args": {"term": "'kelihatan'"}, "time": 1767866554.911922}