{"duration": 0.10872793197631836, "input_args": {"term": "'membaur'"}, "time": 1767866505.5382533}