{"duration": 0.0556635856628418, "input_args": {"term": "'tul'"}, "time": 1767866611.9662316}