{"duration": 0.5015077590942383, "input_args": {"term": "'dikerjai'"}, "time": 1767866622.701536}