{"duration": 0.03157162666320801, "input_args": {"term": "'sakti'"}, "time": 1767866580.8064435}