{"duration": 0.25539112091064453, "input_args": {"term": "'penerapan'"}, "time": 1767866588.6964824}