{"duration": 0.22302460670471191, "input_args": {"term": "'mengedap'"}, "time": 1767866550.6815083}