{"duration": 1.0683887004852295, "input_args": {"term": "'patunguin'"}, "time": 1767866563.8044243}