{"duration": 0.0025453567504882812, "input_args": {"term": "'beri'"}, "time": 1767866500.6724222}