{"duration": 0.03819012641906738, "input_args": {"term": "'konglomeratnya'"}, "time": 1767866507.4790387}