{"duration": 0.028322458267211914, "input_args": {"term": "'banar'"}, "time": 1767866569.7078114}