{"duration": 2.7018890380859375, "input_args": {"term": "'tanganya'"}, "time": 1767866594.8361874}