{"duration": 0.03295540809631348, "input_args": {"term": "'untungnya'"}, "time": 1767866620.6484835}