{"duration": 0.03254270553588867, "input_args": {"term": "'aslinya'"}, "time": 1767866504.0040007}