{"duration": 0.004374504089355469, "input_args": {"term": "'ruang'"}, "time": 1767866500.7172024}