{"duration": 0.04343247413635254, "input_args": {"term": "'pecat'"}, "time": 1767866586.5936491}