{"duration": 1.2190344333648682, "input_args": {"term": "'malayar'"}, "time": 1767866598.2561376}