{"duration": 0.14388251304626465, "input_args": {"term": "'mencontohkan'"}, "time": 1767866511.7346296}