{"duration": 0.012501239776611328, "input_args": {"term": "'buah'"}, "time": 1767866554.025528}