{"duration": 0.03831195831298828, "input_args": {"term": "'kursi'"}, "time": 1767866541.5735564}