{"duration": 0.264174222946167, "input_args": {"term": "'perekonomian'"}, "time": 1767866627.450404}