{"duration": 0.030764341354370117, "input_args": {"term": "'kelompok'"}, "time": 1767866541.7848258}