{"duration": 0.003393411636352539, "input_args": {"term": "'jempol'"}, "time": 1767866500.3507385}