{"duration": 0.030591487884521484, "input_args": {"term": "'ucapkan'"}, "time": 1767866555.661569}