{"duration": 0.04133725166320801, "input_args": {"term": "'kelebihan'"}, "time": 1767866549.3832939}