{"duration": 0.029978275299072266, "input_args": {"term": "'kopi'"}, "time": 1767866568.6371064}