{"duration": 0.031577348709106445, "input_args": {"term": "'radio'"}, "time": 1767866525.7508602}