{"duration": 1.1944012641906738, "input_args": {"term": "'mantapngebul'"}, "time": 1767866617.623828}