{"duration": 0.030488967895507812, "input_args": {"term": "'statusnya'"}, "time": 1767866535.664467}