{"duration": 0.016103506088256836, "input_args": {"term": "'artikel'"}, "time": 1767866533.5009067}