{"duration": 0.03202533721923828, "input_args": {"term": "'dipolitisasi'"}, "time": 1767866555.1502275}