{"duration": 0.7913274765014648, "input_args": {"term": "'menutupi'"}, "time": 1767866629.824231}