{"duration": 0.02423882484436035, "input_args": {"term": "'politis'"}, "time": 1767866511.228988}