{"duration": 2.574475049972534, "input_args": {"term": "'bisajadi'"}, "time": 1767866558.4600744}