{"duration": 0.8728055953979492, "input_args": {"term": "'disband'"}, "time": 1767866543.7243314}