{"duration": 0.6988809108734131, "input_args": {"term": "'meladeni'"}, "time": 1767866562.1082082}