{"duration": 0.051747798919677734, "input_args": {"term": "'tgu'"}, "time": 1767866505.2247565}