{"duration": 0.0234224796295166, "input_args": {"term": "'jadinya'"}, "time": 1767866533.2750762}