{"duration": 3.191246509552002, "input_args": {"term": "'beroendidikan'"}, "time": 1767866509.6606848}