{"duration": 1.3237121105194092, "input_args": {"term": "'satgas'"}, "time": 1767866591.9125257}