{"duration": 0.42922449111938477, "input_args": {"term": "'pejabat'"}, "time": 1767866603.9986093}