{"duration": 0.02764439582824707, "input_args": {"term": "'sen'"}, "time": 1767866602.6434033}