{"duration": 2.236912488937378, "input_args": {"term": "'sblmnya'"}, "time": 1767866623.147909}