{"duration": 0.03500652313232422, "input_args": {"term": "'meski'"}, "time": 1767866614.4042497}