{"duration": 1.1581025123596191, "input_args": {"term": "'nyangkal'"}, "time": 1767866531.9069638}