{"duration": 0.015353918075561523, "input_args": {"term": "'khawatir'"}, "time": 1767866553.697248}