{"duration": 1.1407427787780762, "input_args": {"term": "'poltek'"}, "time": 1767866544.3349895}