{"duration": 0.019965410232543945, "input_args": {"term": "'fiskal'"}, "time": 1767866590.272712}