{"duration": 0.026665210723876953, "input_args": {"term": "'jadilah'"}, "time": 1767866603.179582}