{"duration": 0.14078068733215332, "input_args": {"term": "'tangung'"}, "time": 1767866502.517847}