{"duration": 0.040036916732788086, "input_args": {"term": "'keluyuran'"}, "time": 1767866591.2826128}