{"duration": 0.11681675910949707, "input_args": {"term": "'terbuka'"}, "time": 1767866599.371962}