{"duration": 0.2364802360534668, "input_args": {"term": "'sgini'"}, "time": 1767866501.296289}