{"duration": 0.04356527328491211, "input_args": {"term": "'dibahas'"}, "time": 1767866552.5340533}