{"duration": 0.023177146911621094, "input_args": {"term": "'nyawa'"}, "time": 1767866616.28704}