{"duration": 1.1152770519256592, "input_args": {"term": "'frequent'"}, "time": 1767866588.713646}