{"duration": 1.024122714996338, "input_args": {"term": "'spek'"}, "time": 1767866546.5579827}