{"duration": 1.2730739116668701, "input_args": {"term": "'boikotstarbuckcofe'"}, "time": 1767866573.0794194}