{"duration": 0.03641009330749512, "input_args": {"term": "'dirapel'"}, "time": 1767866562.478954}