{"duration": 0.002618551254272461, "input_args": {"term": "'sekolah'"}, "time": 1767866501.7032828}