{"duration": 0.13912081718444824, "input_args": {"term": "'pertumbuhan'"}, "time": 1767866554.719819}