{"duration": 0.2182300090789795, "input_args": {"term": "'menyimpulkan'"}, "time": 1767866626.3622165}