{"duration": 0.060143470764160156, "input_args": {"term": "'n'"}, "time": 1767866582.9707952}