{"duration": 1.1766831874847412, "input_args": {"term": "'posting'"}, "time": 1767866529.6932695}