{"duration": 0.024967432022094727, "input_args": {"term": "'bawah'"}, "time": 1767866624.3997447}