{"duration": 0.039155006408691406, "input_args": {"term": "'tambunan'"}, "time": 1767866613.836366}