{"duration": 0.021641016006469727, "input_args": {"term": "'antisipasi'"}, "time": 1767866566.5306945}