{"duration": 0.9583704471588135, "input_args": {"term": "'dijadin'"}, "time": 1767866517.185687}