{"duration": 1.0872948169708252, "input_args": {"term": "'falag'"}, "time": 1767866533.4967365}