{"duration": 2.5771875381469727, "input_args": {"term": "'wakti'"}, "time": 1767866570.3707368}