{"duration": 1.1200284957885742, "input_args": {"term": "'bukmenkeu'"}, "time": 1767866614.106335}