{"duration": 0.8015909194946289, "input_args": {"term": "'dirut'"}, "time": 1767866549.4102106}