{"duration": 0.06754755973815918, "input_args": {"term": "'terlewat'"}, "time": 1767866533.8283525}