{"duration": 1.2361640930175781, "input_args": {"term": "'bginidaripada'"}, "time": 1767866511.444385}