{"duration": 0.058945417404174805, "input_args": {"term": "'lho'"}, "time": 1767866577.0851638}