{"duration": 0.026071548461914062, "input_args": {"term": "'borok'"}, "time": 1767866523.551099}