{"duration": 0.9520397186279297, "input_args": {"term": "'nurunin'"}, "time": 1767866513.1053553}