{"duration": 0.14243769645690918, "input_args": {"term": "'ngetik'"}, "time": 1767866502.5404196}