{"duration": 0.10231852531433105, "input_args": {"term": "'didepan'"}, "time": 1767866500.4413803}