{"duration": 1.2018139362335205, "input_args": {"term": "'karbo'"}, "time": 1767866622.4104128}