{"duration": 0.030338764190673828, "input_args": {"term": "'menyenangkan'"}, "time": 1767866502.37066}