{"duration": 0.8602268695831299, "input_args": {"term": "'kebaikan'"}, "time": 1767866608.192131}