{"duration": 0.01760578155517578, "input_args": {"term": "'moderat'"}, "time": 1767866589.623023}