{"duration": 1.565882682800293, "input_args": {"term": "'ngitung'"}, "time": 1767866579.414847}