{"duration": 1.293079137802124, "input_args": {"term": "'smart'"}, "time": 1767866504.7418404}