{"duration": 1.494697093963623, "input_args": {"term": "'action'"}, "time": 1767866572.0724828}