{"duration": 0.022667407989501953, "input_args": {"term": "'wajah'"}, "time": 1767866589.4949224}