{"duration": 1.132774829864502, "input_args": {"term": "'istiqomah'"}, "time": 1767866545.482243}