{"duration": 0.16199874877929688, "input_args": {"term": "'pisangaskeun'"}, "time": 1767866502.4640677}