{"duration": 0.011019229888916016, "input_args": {"term": "'efisiensi'"}, "time": 1767866512.2821817}