{"duration": 0.22715449333190918, "input_args": {"term": "'menarik'"}, "time": 1767866624.5230339}