{"duration": 0.051004648208618164, "input_args": {"term": "'diantara'"}, "time": 1767866561.2118125}