{"duration": 0.012679338455200195, "input_args": {"term": "'birokrasi'"}, "time": 1767866620.1932662}