{"duration": 0.028490066528320312, "input_args": {"term": "'loba'"}, "time": 1767866579.3348231}