{"duration": 0.0219573974609375, "input_args": {"term": "'tulis'"}, "time": 1767866606.7893798}