{"duration": 0.1776885986328125, "input_args": {"term": "'menjelaskan'"}, "time": 1767866568.8719072}