{"duration": 0.003531217575073242, "input_args": {"term": "'tubuh'"}, "time": 1767866501.07817}