{"duration": 0.021781444549560547, "input_args": {"term": "'target'"}, "time": 1767866613.3019319}