{"duration": 0.042366743087768555, "input_args": {"term": "'keilmuan'"}, "time": 1767866546.122581}