{"duration": 0.036637067794799805, "input_args": {"term": "'dikira'"}, "time": 1767866554.073912}