{"duration": 0.04973196983337402, "input_args": {"term": "'sepanjang'"}, "time": 1767866514.3803468}