{"duration": 2.589961528778076, "input_args": {"term": "'pmerintah'"}, "time": 1767866603.0324974}