{"duration": 1.202784538269043, "input_args": {"term": "'modyar'"}, "time": 1767866559.56463}