{"duration": 0.03969860076904297, "input_args": {"term": "'dibilang'"}, "time": 1767866511.279549}