{"duration": 0.02048325538635254, "input_args": {"term": "'butuh'"}, "time": 1767866573.006859}