{"duration": 2.823625326156616, "input_args": {"term": "'saymulai'"}, "time": 1767866553.0396726}