{"duration": 0.20314574241638184, "input_args": {"term": "'pemerintahan'"}, "time": 1767866506.0325038}