{"duration": 1.252363681793213, "input_args": {"term": "'menkeusetuju'"}, "time": 1767866521.1066494}