{"duration": 0.02426886558532715, "input_args": {"term": "'dolar'"}, "time": 1767866568.5627859}