{"duration": 0.05081510543823242, "input_args": {"term": "'dilancarkan'"}, "time": 1767866504.8990176}