{"duration": 1.0862743854522705, "input_args": {"term": "'nikmatin'"}, "time": 1767866512.0604017}