{"duration": 1.2632315158843994, "input_args": {"term": "'bubarin'"}, "time": 1767866617.628533}