{"duration": 0.06867456436157227, "input_args": {"term": "'kelewat'"}, "time": 1767866508.7742412}