{"duration": 0.0238034725189209, "input_args": {"term": "'budiman'"}, "time": 1767866527.8155577}