{"duration": 1.4093866348266602, "input_args": {"term": "'ilfel'"}, "time": 1767866551.2139785}