{"duration": 0.02629256248474121, "input_args": {"term": "'sumber'"}, "time": 1767866629.1230197}