{"duration": 0.06933951377868652, "input_args": {"term": "'him'"}, "time": 1767866509.6042292}