{"duration": 1.164839506149292, "input_args": {"term": "'nahan'"}, "time": 1767866631.3141212}