{"duration": 0.01757502555847168, "input_args": {"term": "'defensif'"}, "time": 1767866588.4818914}