{"duration": 2.8704769611358643, "input_args": {"term": "'tauladan'"}, "time": 1767866579.1050315}