{"duration": 0.02242255210876465, "input_args": {"term": "'usianya'"}, "time": 1767866625.6749992}