{"duration": 1.205127477645874, "input_args": {"term": "'purbayada'"}, "time": 1767866626.9442844}