{"duration": 2.705130100250244, "input_args": {"term": "'lpsnya'"}, "time": 1767866604.5213964}