{"duration": 0.003089427947998047, "input_args": {"term": "'bubar'"}, "time": 1767866502.0905538}