{"duration": 0.02611994743347168, "input_args": {"term": "'utang'"}, "time": 1767866590.4622462}