{"duration": 1.1650795936584473, "input_args": {"term": "'martowardojo'"}, "time": 1767866596.7013464}