{"duration": 1.3976998329162598, "input_args": {"term": "'ucapin'"}, "time": 1767866602.9256055}