{"duration": 0.013458490371704102, "input_args": {"term": "'bahkan'"}, "time": 1767866512.365111}