{"duration": 0.9073634147644043, "input_args": {"term": "'mininal'"}, "time": 1767866516.8812401}