{"duration": 0.19764947891235352, "input_args": {"term": "'mengeluh'"}, "time": 1767866530.0353668}