{"duration": 0.017759323120117188, "input_args": {"term": "'senang'"}, "time": 1767866554.8212237}