{"duration": 0.034070491790771484, "input_args": {"term": "'lantai'"}, "time": 1767866603.4439285}