{"duration": 1.0858278274536133, "input_args": {"term": "'megangin'"}, "time": 1767866514.015541}