{"duration": 0.10835003852844238, "input_args": {"term": "'membersihkan'"}, "time": 1767866621.4659357}