{"duration": 2.634066104888916, "input_args": {"term": "'kliyatanya'"}, "time": 1767866586.203527}