{"duration": 0.04855966567993164, "input_args": {"term": "'berasa'"}, "time": 1767866522.6624923}