{"duration": 0.02549433708190918, "input_args": {"term": "'macam'"}, "time": 1767866612.9749403}