{"duration": 0.018497705459594727, "input_args": {"term": "'kaku'"}, "time": 1767866544.0474088}