{"duration": 0.04172015190124512, "input_args": {"term": "'mainan'"}, "time": 1767866555.902241}