{"duration": 0.020763874053955078, "input_args": {"term": "'barat'"}, "time": 1767866595.9546254}