{"duration": 0.060801029205322266, "input_args": {"term": "'k'"}, "time": 1767866623.5078356}