{"duration": 2.3824563026428223, "input_args": {"term": "'nulis'"}, "time": 1767866613.2399802}