{"duration": 0.05075383186340332, "input_args": {"term": "'keputusan'"}, "time": 1767866537.747929}