{"duration": 0.35106515884399414, "input_args": {"term": "'penerima'"}, "time": 1767866624.928209}