{"duration": 0.20539331436157227, "input_args": {"term": "'pembangunan'"}, "time": 1767866565.6454067}