{"duration": 0.6052987575531006, "input_args": {"term": "'dipengal'"}, "time": 1767866545.784999}