{"duration": 1.0988109111785889, "input_args": {"term": "'purbaya'"}, "time": 1767866567.1973002}