{"duration": 0.019118070602416992, "input_args": {"term": "'jawab'"}, "time": 1767866625.382517}