{"duration": 0.19295191764831543, "input_args": {"term": "'mengambil'"}, "time": 1767866540.777487}