{"duration": 2.0930988788604736, "input_args": {"term": "'srisbnernya'"}, "time": 1767866546.9706538}