{"duration": 0.1561586856842041, "input_args": {"term": "'merugikan'"}, "time": 1767866543.0466053}