{"duration": 0.04348492622375488, "input_args": {"term": "'lingkungan'"}, "time": 1767866607.6862755}