{"duration": 1.080606460571289, "input_args": {"term": "'turunin'"}, "time": 1767866519.2729867}