{"duration": 0.02178215980529785, "input_args": {"term": "'sulit'"}, "time": 1767866535.7369528}