{"duration": 1.3933827877044678, "input_args": {"term": "'handak'"}, "time": 1767866593.9118483}