{"duration": 1.0727195739746094, "input_args": {"term": "'daridulu'"}, "time": 1767866590.5880415}