{"duration": 0.053101301193237305, "input_args": {"term": "'bersiap'"}, "time": 1767866530.768409}