{"duration": 0.04581117630004883, "input_args": {"term": "'andaikan'"}, "time": 1767866529.220376}