{"duration": 0.9425711631774902, "input_args": {"term": "'persh'"}, "time": 1767866545.6141217}