{"duration": 0.14263629913330078, "input_args": {"term": "'melindungimu'"}, "time": 1767866576.2674747}