{"duration": 2.2993481159210205, "input_args": {"term": "'pemdamakanya'"}, "time": 1767866568.4935327}