{"duration": 0.04752635955810547, "input_args": {"term": "'cri'"}, "time": 1767866577.0370722}