{"duration": 1.071143388748169, "input_args": {"term": "'fomo'"}, "time": 1767866622.2428663}