{"duration": 0.025447845458984375, "input_args": {"term": "'tenang'"}, "time": 1767866614.261445}