{"duration": 0.01871776580810547, "input_args": {"term": "'persis'"}, "time": 1767866620.7869942}