{"duration": 1.2464590072631836, "input_args": {"term": "'cost'"}, "time": 1767866613.5801868}