{"duration": 0.12102580070495605, "input_args": {"term": "'bersukur'"}, "time": 1767866502.0521765}