{"duration": 0.02603626251220703, "input_args": {"term": "'misal'"}, "time": 1767866570.4148064}