{"duration": 0.01895308494567871, "input_args": {"term": "'pendek'"}, "time": 1767866539.6641243}