{"duration": 1.1980020999908447, "input_args": {"term": "'brazil'"}, "time": 1767866536.9349606}