{"duration": 1.1359968185424805, "input_args": {"term": "'ngutang'"}, "time": 1767866560.800077}