{"duration": 0.057279109954833984, "input_args": {"term": "'tkd'"}, "time": 1767866508.918549}