{"duration": 0.02222919464111328, "input_args": {"term": "'pikir'"}, "time": 1767866503.6928065}