{"duration": 0.976860761642456, "input_args": {"term": "'nyekolahin'"}, "time": 1767866531.133537}