{"duration": 1.0431089401245117, "input_args": {"term": "'statement'"}, "time": 1767866619.988335}