{"duration": 1.3267858028411865, "input_args": {"term": "'knapa'"}, "time": 1767866521.8469937}