{"duration": 0.016026735305786133, "input_args": {"term": "'blokir'"}, "time": 1767866562.380593}