{"duration": 0.01993417739868164, "input_args": {"term": "'lulus'"}, "time": 1767866535.4139874}