{"duration": 0.06653165817260742, "input_args": {"term": "'lsg'"}, "time": 1767866540.8047516}