{"duration": 0.7437703609466553, "input_args": {"term": "'dirjen'"}, "time": 1767866511.9137707}