{"duration": 0.06660580635070801, "input_args": {"term": "'woi'"}, "time": 1767866624.951487}