{"duration": 1.2878634929656982, "input_args": {"term": "'gerebeg'"}, "time": 1767866508.9665418}