{"duration": 0.039377689361572266, "input_args": {"term": "'bantahnya'"}, "time": 1767866572.6639354}