{"duration": 0.03523731231689453, "input_args": {"term": "'keancam'"}, "time": 1767866565.7868416}