{"duration": 2.7336065769195557, "input_args": {"term": "'gaban'"}, "time": 1767866579.7867677}