{"duration": 0.019240617752075195, "input_args": {"term": "'panembahan'"}, "time": 1767866620.7543218}