{"duration": 0.004106044769287109, "input_args": {"term": "'padat'"}, "time": 1767866500.7815685}