{"duration": 0.03581523895263672, "input_args": {"term": "'kuatkan'"}, "time": 1767866581.9567878}