{"duration": 0.0642538070678711, "input_args": {"term": "'noh'"}, "time": 1767866577.4543557}