{"duration": 0.023851633071899414, "input_args": {"term": "'kalah'"}, "time": 1767866547.4753232}