{"duration": 0.1511247158050537, "input_args": {"term": "'universty'"}, "time": 1767866501.066182}