{"duration": 1.2638728618621826, "input_args": {"term": "'bndir'"}, "time": 1767866610.5743299}