{"duration": 1.2059717178344727, "input_args": {"term": "'whatsapp'"}, "time": 1767866547.8713803}