{"duration": 2.2422988414764404, "input_args": {"term": "'actionya'"}, "time": 1767866515.482795}