{"duration": 0.019331932067871094, "input_args": {"term": "'duduk'"}, "time": 1767866628.8301837}