{"duration": 1.2226109504699707, "input_args": {"term": "'place'"}, "time": 1767866616.6344962}