{"duration": 0.02441573143005371, "input_args": {"term": "'doyan'"}, "time": 1767866609.449449}