{"duration": 1.3029427528381348, "input_args": {"term": "'quen'"}, "time": 1767866588.3780875}