{"duration": 0.05618476867675781, "input_args": {"term": "'sejauh'"}, "time": 1767866529.4625943}