{"duration": 0.026802539825439453, "input_args": {"term": "'astaga'"}, "time": 1767866506.2462983}