{"duration": 1.2318530082702637, "input_args": {"term": "'rekomenin'"}, "time": 1767866538.7932649}