{"duration": 0.19754719734191895, "input_args": {"term": "'mengamankan'"}, "time": 1767866531.891402}