{"duration": 1.292069435119629, "input_args": {"term": "'tuwek'"}, "time": 1767866538.8269694}