{"duration": 0.01632094383239746, "input_args": {"term": "'jujur'"}, "time": 1767866555.1960561}