{"duration": 0.002293825149536133, "input_args": {"term": "'kecewa'"}, "time": 1767866502.0179923}