{"duration": 0.019772768020629883, "input_args": {"term": "'membumi'"}, "time": 1767866500.3105667}