{"duration": 0.050350189208984375, "input_args": {"term": "'setengah'"}, "time": 1767866614.51747}