{"duration": 0.06769728660583496, "input_args": {"term": "'waw'"}, "time": 1767866611.2467527}