{"duration": 2.337860107421875, "input_args": {"term": "'mainkanya'"}, "time": 1767866539.693878}