{"duration": 2.239901304244995, "input_args": {"term": "'ngalah'"}, "time": 1767866615.9304461}