{"duration": 0.28557825088500977, "input_args": {"term": "'permainan'"}, "time": 1767866565.0891883}