{"duration": 0.21061348915100098, "input_args": {"term": "'baruak'"}, "time": 1767866500.6671438}