{"duration": 0.03937816619873047, "input_args": {"term": "'segede'"}, "time": 1767866580.8811827}