{"duration": 1.1408250331878662, "input_args": {"term": "'menirupak'"}, "time": 1767866517.6214426}