{"duration": 0.06634974479675293, "input_args": {"term": "'mis'"}, "time": 1767866537.0327692}