{"duration": 0.050125837326049805, "input_args": {"term": "'segunung'"}, "time": 1767866599.145639}