{"duration": 1.2276842594146729, "input_args": {"term": "'eiykencengin'"}, "time": 1767866539.0918815}