{"duration": 0.05324912071228027, "input_args": {"term": "'seumur'"}, "time": 1767866530.138541}