{"duration": 0.01363229751586914, "input_args": {"term": "'kangen'"}, "time": 1767866533.7474551}