{"duration": 0.026465892791748047, "input_args": {"term": "'semua'"}, "time": 1767866587.5416486}