{"duration": 0.027750015258789062, "input_args": {"term": "'sentra'"}, "time": 1767866560.5576897}