{"duration": 3.383143663406372, "input_args": {"term": "'masyarakan'"}, "time": 1767866565.4046938}