{"duration": 0.028865575790405273, "input_args": {"term": "'langsung'"}, "time": 1767866615.7497842}