{"duration": 0.04726862907409668, "input_args": {"term": "'simpelnya'"}, "time": 1767866540.7473075}