{"duration": 0.009015560150146484, "input_args": {"term": "'alun'"}, "time": 1767866533.8654494}