{"duration": 0.01860332489013672, "input_args": {"term": "'makanya'"}, "time": 1767866625.0956812}