{"duration": 0.2072007656097412, "input_args": {"term": "'mendoakan'"}, "time": 1767866526.5090775}