{"duration": 0.04421257972717285, "input_args": {"term": "'tahunan'"}, "time": 1767866581.296861}