{"duration": 0.06670403480529785, "input_args": {"term": "'bersatu'"}, "time": 1767866609.342058}