{"duration": 0.15987372398376465, "input_args": {"term": "'meningkatkan'"}, "time": 1767866555.8696325}