{"duration": 0.031038999557495117, "input_args": {"term": "'tuhan'"}, "time": 1767866597.566831}