{"duration": 0.058112382888793945, "input_args": {"term": "'ko'"}, "time": 1767866566.903414}