{"duration": 0.0178678035736084, "input_args": {"term": "'hancur'"}, "time": 1767866569.1107976}