{"duration": 0.13819503784179688, "input_args": {"term": "'merencanakan'"}, "time": 1767866566.7462153}