{"duration": 0.026911497116088867, "input_args": {"term": "'sama:'"}, "time": 1767866529.2421303}