{"duration": 0.030977249145507812, "input_args": {"term": "'beraninya'"}, "time": 1767866591.2257776}