{"duration": 0.07110810279846191, "input_args": {"term": "'ptn'"}, "time": 1767866582.0597386}