{"duration": 0.019376516342163086, "input_args": {"term": "'kelas'"}, "time": 1767866583.6980383}