{"duration": 2.6597557067871094, "input_args": {"term": "'angaranya'"}, "time": 1767866587.7275472}