{"duration": 0.0025336742401123047, "input_args": {"term": "'apa'"}, "time": 1767866501.736123}