{"duration": 0.026553869247436523, "input_args": {"term": "'makro'"}, "time": 1767866571.9383771}