{"duration": 0.028481245040893555, "input_args": {"term": "'info'"}, "time": 1767866508.2945876}