{"duration": 0.9512100219726562, "input_args": {"term": "'berlaku'"}, "time": 1767866524.5552194}