{"duration": 0.3931605815887451, "input_args": {"term": "'pengadan'"}, "time": 1767866552.311955}