{"duration": 0.031508445739746094, "input_args": {"term": "'tunjangan'"}, "time": 1767866531.0156033}