{"duration": 0.1807403564453125, "input_args": {"term": "'pakbiar'"}, "time": 1767866502.3752768}