{"duration": 0.029022693634033203, "input_args": {"term": "'pegawainya'"}, "time": 1767866580.1531312}