{"duration": 1.0396859645843506, "input_args": {"term": "'lips'"}, "time": 1767866519.2662835}