{"duration": 0.05237865447998047, "input_args": {"term": "'listriknya'"}, "time": 1767866550.3112533}