{"duration": 0.265383243560791, "input_args": {"term": "'perampasan'"}, "time": 1767866551.701187}