{"duration": 0.027554988861083984, "input_args": {"term": "'pesantren'"}, "time": 1767866596.4568677}