{"duration": 0.12207889556884766, "input_args": {"term": "'mobiltanah'"}, "time": 1767866501.9660587}