{"duration": 0.021221399307250977, "input_args": {"term": "'muak'"}, "time": 1767866561.6196642}