{"duration": 0.27536463737487793, "input_args": {"term": "'pengrajin'"}, "time": 1767866607.2770061}