{"duration": 0.006510257720947266, "input_args": {"term": "'strateginya'"}, "time": 1767866501.0910342}