{"duration": 1.3991127014160156, "input_args": {"term": "'nurut'"}, "time": 1767866565.4719915}