{"duration": 2.314345121383667, "input_args": {"term": "'pertanyan'"}, "time": 1767866552.020181}