{"duration": 1.2200276851654053, "input_args": {"term": "'ngalir'"}, "time": 1767866518.4616382}