{"duration": 0.022373676300048828, "input_args": {"term": "'teladan'"}, "time": 1767866514.0818758}