{"duration": 0.14798665046691895, "input_args": {"term": "'ngajak'"}, "time": 1767866501.9363923}