{"duration": 1.224766492843628, "input_args": {"term": "'beuhmenkeu'"}, "time": 1767866518.3033307}