{"duration": 1.0374305248260498, "input_args": {"term": "'mengatasi'"}, "time": 1767866560.4095607}