{"duration": 0.15662145614624023, "input_args": {"term": "'mendukungmu'"}, "time": 1767866565.3342633}