{"duration": 0.02611994743347168, "input_args": {"term": "'sanksi'"}, "time": 1767866587.063971}