{"duration": 0.019644498825073242, "input_args": {"term": "'rusak'"}, "time": 1767866608.43089}