{"duration": 1.1344943046569824, "input_args": {"term": "'pemprov'"}, "time": 1767866609.5794683}