{"duration": 0.9795475006103516, "input_args": {"term": "'bakamla'"}, "time": 1767866506.2299905}