{"duration": 0.05763506889343262, "input_args": {"term": "'kebutuhan'"}, "time": 1767866595.139711}