{"duration": 1.274707555770874, "input_args": {"term": "'isue'"}, "time": 1767866615.9953103}