{"duration": 0.06628131866455078, "input_args": {"term": "'kedinasan'"}, "time": 1767866570.1267588}