{"duration": 0.06820487976074219, "input_args": {"term": "'dibongkar'"}, "time": 1767866607.5839572}