{"duration": 0.9671978950500488, "input_args": {"term": "'sosmed'"}, "time": 1767866535.4394236}