{"duration": 0.025631427764892578, "input_args": {"term": "'mestinya'"}, "time": 1767866619.2884433}