{"duration": 0.03563547134399414, "input_args": {"term": "'detailnya'"}, "time": 1767866510.0359528}