{"duration": 0.20103144645690918, "input_args": {"term": "'menjegal'"}, "time": 1767866510.5787592}