{"duration": 0.04357433319091797, "input_args": {"term": "'mudakan'"}, "time": 1767866523.6824481}