{"duration": 1.0581295490264893, "input_args": {"term": "'central'"}, "time": 1767866581.051275}