{"duration": 0.013161897659301758, "input_args": {"term": "'batas'"}, "time": 1767866555.4947345}