{"duration": 0.018221378326416016, "input_args": {"term": "'kamu'"}, "time": 1767866613.6384442}