{"duration": 0.055787086486816406, "input_args": {"term": "'dl'"}, "time": 1767866522.4262233}