{"duration": 0.8283560276031494, "input_args": {"term": "'bertangungjawab'"}, "time": 1767866532.921422}