{"duration": 0.02406024932861328, "input_args": {"term": "'minim'"}, "time": 1767866560.0709722}