{"duration": 0.056054115295410156, "input_args": {"term": "'bro'"}, "time": 1767866551.1238108}