{"duration": 0.0019388198852539062, "input_args": {"term": "'spil'"}, "time": 1767866501.7224946}