{"duration": 1.3777573108673096, "input_args": {"term": "'purbaya:'"}, "time": 1767866611.1985943}