{"duration": 0.046965837478637695, "input_args": {"term": "'nek'"}, "time": 1767866566.2737398}