{"duration": 0.03630709648132324, "input_args": {"term": "'rakyatnya'"}, "time": 1767866543.3654978}