{"duration": 0.002572298049926758, "input_args": {"term": "'kurang'"}, "time": 1767866500.936223}