{"duration": 0.040175437927246094, "input_args": {"term": "'ahlinya'"}, "time": 1767866537.0735288}