{"duration": 0.050968170166015625, "input_args": {"term": "'kai'"}, "time": 1767866618.9669085}