{"duration": 0.03080010414123535, "input_args": {"term": "'sisanya'"}, "time": 1767866533.2467356}