{"duration": 0.6783218383789062, "input_args": {"term": "'dishare'"}, "time": 1767866506.5433598}