{"duration": 0.002373218536376953, "input_args": {"term": "'bahaya'"}, "time": 1767866502.2968674}