{"duration": 1.1839330196380615, "input_args": {"term": "'duitdana'"}, "time": 1767866601.31222}