{"duration": 0.028146743774414062, "input_args": {"term": "'senior'"}, "time": 1767866572.8975892}