{"duration": 0.8737592697143555, "input_args": {"term": "'jngn'"}, "time": 1767866513.002769}