{"duration": 1.2584071159362793, "input_args": {"term": "'malaysia'"}, "time": 1767866530.283434}