{"duration": 0.06801915168762207, "input_args": {"term": "'disana'"}, "time": 1767866507.3845468}