{"duration": 0.028166532516479492, "input_args": {"term": "'kampun'"}, "time": 1767866519.3500557}