{"duration": 0.018204689025878906, "input_args": {"term": "'protes'"}, "time": 1767866595.064682}