{"duration": 0.026146888732910156, "input_args": {"term": "'top'"}, "time": 1767866589.2933464}