{"duration": 1.2945599555969238, "input_args": {"term": "'raport'"}, "time": 1767866521.1204915}