{"duration": 1.2812597751617432, "input_args": {"term": "'resufle'"}, "time": 1767866532.7425075}