{"duration": 1.1360998153686523, "input_args": {"term": "'goks'"}, "time": 1767866561.1057918}