{"duration": 1.0347342491149902, "input_args": {"term": "'bleh'"}, "time": 1767866620.3791857}