{"duration": 0.055206298828125, "input_args": {"term": "'a'"}, "time": 1767866588.4289117}