{"duration": 0.026618480682373047, "input_args": {"term": "'mol'"}, "time": 1767866507.8169324}