{"duration": 0.03238272666931152, "input_args": {"term": "'agung'"}, "time": 1767866561.031749}