{"duration": 0.04482841491699219, "input_args": {"term": "'sesuaikan'"}, "time": 1767866606.0667627}