{"duration": 0.02420949935913086, "input_args": {"term": "'meres'"}, "time": 1767866585.0185757}