{"duration": 0.023611068725585938, "input_args": {"term": "'tampangnya'"}, "time": 1767866554.1162589}