{"duration": 2.394052028656006, "input_args": {"term": "'pelayananya'"}, "time": 1767866573.2054708}