{"duration": 0.021979331970214844, "input_args": {"term": "'ambisi'"}, "time": 1767866519.3123767}