{"duration": 0.21373558044433594, "input_args": {"term": "'perusahan'"}, "time": 1767866511.669604}