{"duration": 1.0118334293365479, "input_args": {"term": "'dipajakin'"}, "time": 1767866542.8507411}