{"duration": 1.0523614883422852, "input_args": {"term": "'cukay'"}, "time": 1767866597.5475214}