{"duration": 1.2962570190429688, "input_args": {"term": "'ngaca'"}, "time": 1767866564.439931}