{"duration": 0.018999576568603516, "input_args": {"term": "'mawar'"}, "time": 1767866528.013828}