{"duration": 1.1391878128051758, "input_args": {"term": "'great'"}, "time": 1767866531.7739213}