{"duration": 0.03892970085144043, "input_args": {"term": "'keluarganya'"}, "time": 1767866596.278766}