{"duration": 0.05190682411193848, "input_args": {"term": "'sebuah'"}, "time": 1767866584.183709}