{"duration": 1.25240159034729, "input_args": {"term": "'sumatra'"}, "time": 1767866532.417855}