{"duration": 0.33627796173095703, "input_args": {"term": "'atulah'"}, "time": 1767866502.2024403}