{"duration": 0.018331527709960938, "input_args": {"term": "'kantor'"}, "time": 1767866589.1820853}