{"duration": 1.0126965045928955, "input_args": {"term": "'ngmng'"}, "time": 1767866506.934634}