{"duration": 0.031213760375976562, "input_args": {"term": "'masalahnya'"}, "time": 1767866518.0457494}