{"duration": 0.015994787216186523, "input_args": {"term": "'gunung'"}, "time": 1767866518.9399173}