{"duration": 1.2915558815002441, "input_args": {"term": "'joged'"}, "time": 1767866533.1885922}