{"duration": 0.02577662467956543, "input_args": {"term": "'eksekusi'"}, "time": 1767866548.7520971}