{"duration": 1.0308425426483154, "input_args": {"term": "'nyaeh'"}, "time": 1767866566.1442096}