{"duration": 2.6445505619049072, "input_args": {"term": "'bgtulah'"}, "time": 1767866526.822345}