{"duration": 1.2270009517669678, "input_args": {"term": "'bear'"}, "time": 1767866537.0778754}