{"duration": 0.02570652961730957, "input_args": {"term": "'idola'"}, "time": 1767866584.7609441}