{"duration": 0.015387773513793945, "input_args": {"term": "'monopoli'"}, "time": 1767866553.7466066}