{"duration": 0.020197153091430664, "input_args": {"term": "'beritanya'"}, "time": 1767866620.5180175}