{"duration": 0.004958152770996094, "input_args": {"term": "'dicek'"}, "time": 1767866501.2555592}