{"duration": 0.0035703182220458984, "input_args": {"term": "'jajaran'"}, "time": 1767866501.2107565}