{"duration": 0.025912046432495117, "input_args": {"term": "'kalian'"}, "time": 1767866568.1076279}