{"duration": 1.0330920219421387, "input_args": {"term": "'berkreasi'"}, "time": 1767866595.3123004}