{"duration": 0.06293320655822754, "input_args": {"term": "'ae'"}, "time": 1767866615.1156938}