{"duration": 1.3428397178649902, "input_args": {"term": "'brantas'"}, "time": 1767866558.6537135}