{"duration": 1.0955307483673096, "input_args": {"term": "'ngatur'"}, "time": 1767866528.0889165}