{"duration": 2.2643377780914307, "input_args": {"term": "'gilagilan'"}, "time": 1767866506.3362324}