{"duration": 1.2611393928527832, "input_args": {"term": "'tmptnongkrong'"}, "time": 1767866526.0760565}