{"duration": 0.0188291072845459, "input_args": {"term": "'detail'"}, "time": 1767866564.2222266}