{"duration": 0.07041168212890625, "input_args": {"term": "'diparkir'"}, "time": 1767866623.148868}