{"duration": 0.29349732398986816, "input_args": {"term": "'penyelamat'"}, "time": 1767866530.3137567}