{"duration": 0.0034606456756591797, "input_args": {"term": "'cerdas'"}, "time": 1767866501.9231615}