{"duration": 1.226912260055542, "input_args": {"term": "'sory'"}, "time": 1767866613.928315}