{"duration": 0.021295547485351562, "input_args": {"term": "'ketua'"}, "time": 1767866585.4073935}