{"duration": 1.4328422546386719, "input_args": {"term": "'chakep'"}, "time": 1767866557.533352}