{"duration": 0.9774603843688965, "input_args": {"term": "'bertangung'"}, "time": 1767866517.8672907}