{"duration": 0.045548200607299805, "input_args": {"term": "'dimari'"}, "time": 1767866600.9818957}