{"duration": 0.030325651168823242, "input_args": {"term": "'juragan'"}, "time": 1767866510.3649387}