{"duration": 0.0019397735595703125, "input_args": {"term": "'hem'"}, "time": 1767866501.6058729}