{"duration": 0.017925262451171875, "input_args": {"term": "'jabat'"}, "time": 1767866629.6291525}