{"duration": 0.017828941345214844, "input_args": {"term": "'atas'"}, "time": 1767866562.9209425}