{"duration": 2.482844352722168, "input_args": {"term": "'dearahnya'"}, "time": 1767866612.7502203}