{"duration": 0.04477095603942871, "input_args": {"term": "'kda'"}, "time": 1767866566.1894503}