{"duration": 0.0364534854888916, "input_args": {"term": "'tekanlah'"}, "time": 1767866543.5118554}