{"duration": 1.0998919010162354, "input_args": {"term": "'ribet'"}, "time": 1767866573.616759}