{"duration": 0.0353693962097168, "input_args": {"term": "'seseranya'"}, "time": 1767866625.5522213}