{"duration": 0.01389455795288086, "input_args": {"term": "'masalah'"}, "time": 1767866503.0641274}