{"duration": 1.303415298461914, "input_args": {"term": "'brat'"}, "time": 1767866593.9461834}