{"duration": 0.024028778076171875, "input_args": {"term": "'sapu'"}, "time": 1767866567.0358849}