{"duration": 1.2451601028442383, "input_args": {"term": "'sudh'"}, "time": 1767866583.2716913}