{"duration": 1.2795064449310303, "input_args": {"term": "'dulu'"}, "time": 1767866604.217415}