{"duration": 1.2017321586608887, "input_args": {"term": "'validations'"}, "time": 1767866547.5675728}