{"duration": 0.019031763076782227, "input_args": {"term": "'jab'"}, "time": 1767866613.1991284}