{"duration": 0.019622087478637695, "input_args": {"term": "'pensiun'"}, "time": 1767866508.4036992}