{"duration": 1.3119535446166992, "input_args": {"term": "'stil'"}, "time": 1767866599.5267146}