{"duration": 1.4403488636016846, "input_args": {"term": "'anies'"}, "time": 1767866542.5427241}