{"duration": 0.15242791175842285, "input_args": {"term": "'ngatain'"}, "time": 1767866500.7252057}