{"duration": 0.03403139114379883, "input_args": {"term": "'moga'"}, "time": 1767866595.3488054}