{"duration": 1.2062993049621582, "input_args": {"term": "'padamin'"}, "time": 1767866618.1242733}