{"duration": 0.031937599182128906, "input_args": {"term": "'umur'"}, "time": 1767866604.6907744}