{"duration": 0.11060905456542969, "input_args": {"term": "'dilindungi'"}, "time": 1767866501.1397367}