{"duration": 2.190596103668213, "input_args": {"term": "'halah'"}, "time": 1767866532.369431}