{"duration": 0.05796051025390625, "input_args": {"term": "'kerajinan'"}, "time": 1767866607.8319771}