{"duration": 1.487741231918335, "input_args": {"term": "'ielts'"}, "time": 1767866565.1972415}