{"duration": 0.023841142654418945, "input_args": {"term": "'didik'"}, "time": 1767866607.631148}