{"duration": 0.029965877532958984, "input_args": {"term": "'belum'"}, "time": 1767866523.7500532}