{"duration": 0.011939048767089844, "input_args": {"term": "'seluruh'"}, "time": 1767866535.584172}