{"duration": 0.15520834922790527, "input_args": {"term": "'mengecek'"}, "time": 1767866596.7796257}