{"duration": 0.14056634902954102, "input_args": {"term": "'mencari'"}, "time": 1767866599.6645365}