{"duration": 0.0444180965423584, "input_args": {"term": "'sebenarnya'"}, "time": 1767866587.9524639}