{"duration": 1.13914155960083, "input_args": {"term": "'linkedin'"}, "time": 1767866559.6995604}