{"duration": 0.020804882049560547, "input_args": {"term": "'pol'"}, "time": 1767866561.5549529}