{"duration": 0.22798442840576172, "input_args": {"term": "'mengendapnya'"}, "time": 1767866585.682091}