{"duration": 0.03662419319152832, "input_args": {"term": "'liburan'"}, "time": 1767866536.4135365}