{"duration": 0.04211783409118652, "input_args": {"term": "'kepalanya'"}, "time": 1767866540.6963987}