{"duration": 0.8671824932098389, "input_args": {"term": "'ndelok'"}, "time": 1767866600.4587355}