{"duration": 0.03180861473083496, "input_args": {"term": "'serok'"}, "time": 1767866511.0488427}