{"duration": 0.0523991584777832, "input_args": {"term": "'kebenaranya'"}, "time": 1767866587.526719}