{"duration": 0.02350640296936035, "input_args": {"term": "'adil'"}, "time": 1767866541.3387637}