{"duration": 1.213712453842163, "input_args": {"term": "'pahamkasih'"}, "time": 1767866537.482023}