{"duration": 0.026463747024536133, "input_args": {"term": "'ular'"}, "time": 1767866612.3925104}