{"duration": 0.01914691925048828, "input_args": {"term": "'baik'"}, "time": 1767866613.9220343}