{"duration": 2.061910390853882, "input_args": {"term": "'redominasi'"}, "time": 1767866537.1874554}