{"duration": 1.5702884197235107, "input_args": {"term": "'judge'"}, "time": 1767866572.259931}