{"duration": 0.0035903453826904297, "input_args": {"term": "'siapapun'"}, "time": 1767866501.649588}