{"duration": 2.64573335647583, "input_args": {"term": "'mknya'"}, "time": 1767866542.6825895}