{"duration": 0.020684242248535156, "input_args": {"term": "'misi'"}, "time": 1767866589.0593536}