{"duration": 1.3366539478302002, "input_args": {"term": "'zimbabwe'"}, "time": 1767866517.905071}