{"duration": 0.06004595756530762, "input_args": {"term": "'may'"}, "time": 1767866526.2784908}