{"duration": 0.02950310707092285, "input_args": {"term": "'motor'"}, "time": 1767866624.6462445}