{"duration": 1.2754712104797363, "input_args": {"term": "'pemerintah'"}, "time": 1767866576.9473948}