{"duration": 0.9738192558288574, "input_args": {"term": "'kluarin'"}, "time": 1767866536.1700337}