{"duration": 0.08127999305725098, "input_args": {"term": "'kedepan'"}, "time": 1767866501.458469}