{"duration": 0.7794854640960693, "input_args": {"term": "'sesasi'"}, "time": 1767866553.5932434}