{"duration": 0.026558637619018555, "input_args": {"term": "'suara'"}, "time": 1767866595.0005438}