{"duration": 0.005291461944580078, "input_args": {"term": "'koyok'"}, "time": 1767866502.5028455}