{"duration": 0.007795810699462891, "input_args": {"term": "'loe'"}, "time": 1767866502.2644758}