{"duration": 0.02634572982788086, "input_args": {"term": "'wadah'"}, "time": 1767866590.202742}