{"duration": 0.0731191635131836, "input_args": {"term": "'bersikap'"}, "time": 1767866539.1502707}