{"duration": 0.15297627449035645, "input_args": {"term": "'mengubah'"}, "time": 1767866553.6470928}