{"duration": 0.04689812660217285, "input_args": {"term": "'ladang'"}, "time": 1767866624.1994596}