{"duration": 0.03101968765258789, "input_args": {"term": "'liburlah'"}, "time": 1767866545.1507282}