{"duration": 0.8224480152130127, "input_args": {"term": "'starbucks'"}, "time": 1767866630.7749627}