{"duration": 4.029486417770386, "input_args": {"term": "'cukaiterapkan'"}, "time": 1767866578.6845577}