{"duration": 0.1227726936340332, "input_args": {"term": "'purabaya'"}, "time": 1767866501.0138474}