{"duration": 0.03213167190551758, "input_args": {"term": "'malah'"}, "time": 1767866559.1340013}