{"duration": 1.2738394737243652, "input_args": {"term": "'belanjakan'"}, "time": 1767866595.633135}