{"duration": 0.9828901290893555, "input_args": {"term": "'pakga'"}, "time": 1767866600.7935731}