{"duration": 0.33768343925476074, "input_args": {"term": "'pemandangan'"}, "time": 1767866523.0855913}