{"duration": 1.3771414756774902, "input_args": {"term": "'bgtu'"}, "time": 1767866517.6486971}