{"duration": 0.03971076011657715, "input_args": {"term": "'z'"}, "time": 1767866621.4857032}