{"duration": 0.03279519081115723, "input_args": {"term": "'kambing'"}, "time": 1767866628.585955}