{"duration": 0.028428077697753906, "input_args": {"term": "'negeri'"}, "time": 1767866610.1309867}