{"duration": 1.0544612407684326, "input_args": {"term": "'gonjanganjing'"}, "time": 1767866609.939627}