{"duration": 0.02997589111328125, "input_args": {"term": "'purba'"}, "time": 1767866514.49377}