{"duration": 0.02863454818725586, "input_args": {"term": "'oke'"}, "time": 1767866584.977878}