{"duration": 0.027235746383666992, "input_args": {"term": "'modal'"}, "time": 1767866627.1319344}