{"duration": 0.02354717254638672, "input_args": {"term": "'persen'"}, "time": 1767866546.4241686}