{"duration": 0.8725848197937012, "input_args": {"term": "'krja'"}, "time": 1767866618.7760873}