{"duration": 0.035425424575805664, "input_args": {"term": "'tertawa'"}, "time": 1767866521.0919008}