{"duration": 0.03274226188659668, "input_args": {"term": "'manipulasi'"}, "time": 1767866605.6149473}