{"duration": 1.3727459907531738, "input_args": {"term": "'njero'"}, "time": 1767866605.8677633}