{"duration": 1.1160829067230225, "input_args": {"term": "'dedy'"}, "time": 1767866590.8539195}