{"duration": 0.29755377769470215, "input_args": {"term": "'mulyonojadi'"}, "time": 1767866502.1527998}