{"duration": 1.3047916889190674, "input_args": {"term": "'ajagua'"}, "time": 1767866613.144751}