{"duration": 3.302947521209717, "input_args": {"term": "'nepalkan'"}, "time": 1767866520.1485982}