{"duration": 0.03962302207946777, "input_args": {"term": "'cintai'"}, "time": 1767866528.7735162}