{"duration": 0.033385515213012695, "input_args": {"term": "'uringan'"}, "time": 1767866549.2866626}