{"duration": 0.34844183921813965, "input_args": {"term": "'penasihat'"}, "time": 1767866525.3796859}