{"duration": 0.02086353302001953, "input_args": {"term": "'dungu'"}, "time": 1767866622.690747}