{"duration": 0.008951902389526367, "input_args": {"term": "'kpd'"}, "time": 1767866501.1076033}