{"duration": 1.4682562351226807, "input_args": {"term": "'mutar'"}, "time": 1767866558.20651}