{"duration": 0.11908388137817383, "input_args": {"term": "'terkuat'"}, "time": 1767866560.7186048}