{"duration": 0.023743629455566406, "input_args": {"term": "'umum'"}, "time": 1767866617.9597728}