{"duration": 0.059642791748046875, "input_args": {"term": "'ojk'"}, "time": 1767866576.2210963}