{"duration": 1.408250331878662, "input_args": {"term": "'jbleh'"}, "time": 1767866604.4185028}