{"duration": 0.02463674545288086, "input_args": {"term": "'meskipun'"}, "time": 1767866512.7737792}