{"duration": 1.423565149307251, "input_args": {"term": "'purgk'"}, "time": 1767866586.064351}