{"duration": 0.023965835571289062, "input_args": {"term": "'politikus'"}, "time": 1767866628.8715253}