{"duration": 0.016678571701049805, "input_args": {"term": "'malu'"}, "time": 1767866588.9216259}