{"duration": 2.46614146232605, "input_args": {"term": "'tembusanya'"}, "time": 1767866511.9150567}