{"duration": 1.1968915462493896, "input_args": {"term": "'elit'"}, "time": 1767866532.5572662}