{"duration": 0.8809692859649658, "input_args": {"term": "'state'"}, "time": 1767866533.9062774}