{"duration": 0.17455744743347168, "input_args": {"term": "'mengendap'"}, "time": 1767866608.296406}