{"duration": 0.04004526138305664, "input_args": {"term": "'daratan'"}, "time": 1767866602.6946168}