{"duration": 1.5250699520111084, "input_args": {"term": "'ksla'"}, "time": 1767866575.9812522}