{"duration": 0.14783740043640137, "input_args": {"term": "'mindahin'"}, "time": 1767866501.0117123}