{"duration": 1.372288703918457, "input_args": {"term": "'ndak'"}, "time": 1767866585.0152323}