{"duration": 0.021207332611083984, "input_args": {"term": "'hina'"}, "time": 1767866524.9812143}