{"duration": 1.3503949642181396, "input_args": {"term": "'stuck'"}, "time": 1767866584.474773}