{"duration": 1.8048224449157715, "input_args": {"term": "'kebijaksanan'"}, "time": 1767866517.653079}