{"duration": 0.17475247383117676, "input_args": {"term": "'merubah'"}, "time": 1767866584.9980793}