{"duration": 0.040238142013549805, "input_args": {"term": "'ora'"}, "time": 1767866581.4411573}