{"duration": 0.027246475219726562, "input_args": {"term": "'bunganya'"}, "time": 1767866580.7761626}