{"duration": 0.01726078987121582, "input_args": {"term": "'konglomerat'"}, "time": 1767866629.7863593}