{"duration": 0.03209853172302246, "input_args": {"term": "'ujung'"}, "time": 1767866532.7928503}