{"duration": 1.1136596202850342, "input_args": {"term": "'upetilmyn'"}, "time": 1767866518.541992}