{"duration": 1.323622226715088, "input_args": {"term": "'prompt'"}, "time": 1767866542.1010485}