{"duration": 0.026508331298828125, "input_args": {"term": "'tetap'"}, "time": 1767866543.8014317}