{"duration": 0.3076784610748291, "input_args": {"term": "'memperjuangkan'"}, "time": 1767866560.052223}