{"duration": 0.028214216232299805, "input_args": {"term": "'atasan'"}, "time": 1767866505.7982006}