{"duration": 1.423048496246338, "input_args": {"term": "'milih'"}, "time": 1767866558.3070993}