{"duration": 0.018529415130615234, "input_args": {"term": "'biologi'"}, "time": 1767866606.3871975}