{"duration": 1.4963445663452148, "input_args": {"term": "'cuan'"}, "time": 1767866630.990074}