{"duration": 1.083252191543579, "input_args": {"term": "'kolomrat'"}, "time": 1767866573.4008126}