{"duration": 0.05749154090881348, "input_args": {"term": "'gambaran'"}, "time": 1767866601.9770634}