{"duration": 0.038268327713012695, "input_args": {"term": "'jan'"}, "time": 1767866535.113889}