{"duration": 1.33011794090271, "input_args": {"term": "'oraey'"}, "time": 1767866596.3430042}