{"duration": 0.026363611221313477, "input_args": {"term": "'netral'"}, "time": 1767866568.4776583}