{"duration": 1.063138723373413, "input_args": {"term": "'covid'"}, "time": 1767866619.7867887}