{"duration": 1.2521944046020508, "input_args": {"term": "'bedanyamenyala'"}, "time": 1767866553.4527726}