{"duration": 0.17164063453674316, "input_args": {"term": "'pembenaran'"}, "time": 1767866512.2284214}