{"duration": 0.006816864013671875, "input_args": {"term": "'naiknya'"}, "time": 1767866500.7034252}