{"duration": 0.07610249519348145, "input_args": {"term": "'berumur'"}, "time": 1767866546.890869}