{"duration": 0.12099599838256836, "input_args": {"term": "'bisabisa'"}, "time": 1767866501.3404129}