{"duration": 0.029992341995239258, "input_args": {"term": "'konspirasi'"}, "time": 1767866522.2369347}