{"duration": 1.7715542316436768, "input_args": {"term": "'dedi'"}, "time": 1767866536.1073039}