{"duration": 0.33597707748413086, "input_args": {"term": "'peningkatan'"}, "time": 1767866559.3599389}