{"duration": 0.07291746139526367, "input_args": {"term": "'keterlibatan'"}, "time": 1767866554.4548793}