{"duration": 0.023901700973510742, "input_args": {"term": "'peduli'"}, "time": 1767866604.8335705}