{"duration": 0.05324888229370117, "input_args": {"term": "'selamatkan'"}, "time": 1767866602.1457121}