{"duration": 0.9759106636047363, "input_args": {"term": "'lasih'"}, "time": 1767866503.9821384}