{"duration": 0.017296791076660156, "input_args": {"term": "'bicara'"}, "time": 1767866518.720522}