{"duration": 1.0801737308502197, "input_args": {"term": "'satrio'"}, "time": 1767866519.6300318}