{"duration": 1.399986743927002, "input_args": {"term": "'gajelas'"}, "time": 1767866587.2480755}