{"duration": 1.0271308422088623, "input_args": {"term": "'tplupa'"}, "time": 1767866513.4322586}