{"duration": 1.1807787418365479, "input_args": {"term": "'mancing'"}, "time": 1767866559.509423}