{"duration": 0.03580975532531738, "input_args": {"term": "'diberantas'"}, "time": 1767866589.7397945}