{"duration": 0.02322077751159668, "input_args": {"term": "'angkat'"}, "time": 1767866579.9842434}