{"duration": 2.325531005859375, "input_args": {"term": "'proyekanya'"}, "time": 1767866573.7542472}