{"duration": 0.055825233459472656, "input_args": {"term": "'tingian'"}, "time": 1767866540.1266694}