{"duration": 0.015321969985961914, "input_args": {"term": "'panjang'"}, "time": 1767866530.5848413}