{"duration": 0.029973268508911133, "input_args": {"term": "'tidak'"}, "time": 1767866611.4709752}