{"duration": 0.002908945083618164, "input_args": {"term": "'maut'"}, "time": 1767866501.5315833}