{"duration": 0.03506278991699219, "input_args": {"term": "'maksudnya'"}, "time": 1767866626.338278}