{"duration": 0.001888275146484375, "input_args": {"term": "'perak'"}, "time": 1767866501.1486537}