{"duration": 0.06804656982421875, "input_args": {"term": "'setara'"}, "time": 1767866550.6886802}