{"duration": 1.0275905132293701, "input_args": {"term": "'dikibulin'"}, "time": 1767866572.3713124}