{"duration": 0.02319025993347168, "input_args": {"term": "'buang'"}, "time": 1767866594.72993}