{"duration": 2.235994815826416, "input_args": {"term": "'anakanaku'"}, "time": 1767866531.3006759}