{"duration": 0.03076791763305664, "input_args": {"term": "'terobosan'"}, "time": 1767866616.1679811}