{"duration": 1.202937126159668, "input_args": {"term": "'blunder'"}, "time": 1767866608.0896842}