{"duration": 0.0581512451171875, "input_args": {"term": "'dng'"}, "time": 1767866513.3649836}