{"duration": 0.021097183227539062, "input_args": {"term": "'kompeten'"}, "time": 1767866514.2460098}