{"duration": 2.5742011070251465, "input_args": {"term": "'mudahmudahan'"}, "time": 1767866603.826264}