{"duration": 0.027393102645874023, "input_args": {"term": "'repot'"}, "time": 1767866600.5379014}