{"duration": 1.2783820629119873, "input_args": {"term": "'profdlk'"}, "time": 1767866530.1568944}