{"duration": 0.025297880172729492, "input_args": {"term": "'pantau'"}, "time": 1767866600.843103}