{"duration": 1.4449832439422607, "input_args": {"term": "'mbentuk'"}, "time": 1767866628.726037}