{"duration": 0.018837451934814453, "input_args": {"term": "'yakin'"}, "time": 1767866530.2598388}