{"duration": 0.014060735702514648, "input_args": {"term": "'datang'"}, "time": 1767866596.7845945}