{"duration": 0.018169879913330078, "input_args": {"term": "'informasi'"}, "time": 1767866512.5892978}