{"duration": 0.002894163131713867, "input_args": {"term": "'mbok'"}, "time": 1767866501.1277504}