{"duration": 0.8872408866882324, "input_args": {"term": "'pipisayang'"}, "time": 1767866562.6312323}