{"duration": 1.3728156089782715, "input_args": {"term": "'wowo'"}, "time": 1767866602.5808797}