{"duration": 0.05345034599304199, "input_args": {"term": "'na'"}, "time": 1767866560.3669462}