{"duration": 0.012614250183105469, "input_args": {"term": "'transisi'"}, "time": 1767866528.2953007}