{"duration": 2.333881378173828, "input_args": {"term": "'pnsmakanya'"}, "time": 1767866505.6121938}