{"duration": 1.1700079441070557, "input_args": {"term": "'nyetor'"}, "time": 1767866548.3838089}