{"duration": 0.05797696113586426, "input_args": {"term": "'asn'"}, "time": 1767866568.1782284}