{"duration": 0.0277864933013916, "input_args": {"term": "'sibuk'"}, "time": 1767866612.2862766}