{"duration": 0.017325401306152344, "input_args": {"term": "'sifat'"}, "time": 1767866549.4728065}