{"duration": 1.0376272201538086, "input_args": {"term": "'kerjahya'"}, "time": 1767866598.9090428}