{"duration": 0.9411969184875488, "input_args": {"term": "'bgni'"}, "time": 1767866503.5053554}