{"duration": 0.3536410331726074, "input_args": {"term": "'pemeras'"}, "time": 1767866516.8804922}