{"duration": 0.04080986976623535, "input_args": {"term": "'infonya'"}, "time": 1767866504.5100837}