{"duration": 0.18581390380859375, "input_args": {"term": "'memukau'"}, "time": 1767866624.9845412}