{"duration": 1.0138154029846191, "input_args": {"term": "'mnding'"}, "time": 1767866506.2245731}