{"duration": 0.08439993858337402, "input_args": {"term": "'bersyukur'"}, "time": 1767866624.7852874}