{"duration": 0.01257944107055664, "input_args": {"term": "'kecurangan'"}, "time": 1767866500.2252812}