{"duration": 0.003174304962158203, "input_args": {"term": "'bulan'"}, "time": 1767866501.0025384}