{"duration": 0.01891350746154785, "input_args": {"term": "'lumut'"}, "time": 1767866575.9321947}