{"duration": 0.021862268447875977, "input_args": {"term": "'periksa'"}, "time": 1767866622.7702017}