{"duration": 0.02146291732788086, "input_args": {"term": "'andil'"}, "time": 1767866511.7489235}