{"duration": 0.05956840515136719, "input_args": {"term": "'jos'"}, "time": 1767866526.7665179}