{"duration": 0.18850445747375488, "input_args": {"term": "'mengingat'"}, "time": 1767866609.6482139}