{"duration": 1.961292028427124, "input_args": {"term": "'berdoajadi'"}, "time": 1767866571.8538973}