{"duration": 1.3456947803497314, "input_args": {"term": "'paksemangat'"}, "time": 1767866605.2533417}