{"duration": 0.031961917877197266, "input_args": {"term": "'waktu'"}, "time": 1767866595.262761}