{"duration": 0.019713163375854492, "input_args": {"term": "'kualitas'"}, "time": 1767866606.4214876}