{"duration": 0.058927059173583984, "input_args": {"term": "'umr'"}, "time": 1767866559.1992164}