{"duration": 0.017926454544067383, "input_args": {"term": "'gelo'"}, "time": 1767866609.8667233}