{"duration": 0.8052420616149902, "input_args": {"term": "'dipenuhi'"}, "time": 1767866565.3421848}