{"duration": 0.0365297794342041, "input_args": {"term": "'bp'"}, "time": 1767866533.982633}