{"duration": 0.17868804931640625, "input_args": {"term": "'pangil'"}, "time": 1767866500.882759}