{"duration": 1.0072286128997803, "input_args": {"term": "'ngasal'"}, "time": 1767866550.288357}