{"duration": 0.018164396286010742, "input_args": {"term": "'merdeka'"}, "time": 1767866534.3789873}