{"duration": 1.0528817176818848, "input_args": {"term": "'kluarga'"}, "time": 1767866581.7350304}