{"duration": 1.2145016193389893, "input_args": {"term": "'halanganya'"}, "time": 1767866631.3380346}