{"duration": 0.05450272560119629, "input_args": {"term": "'berkuasa'"}, "time": 1767866630.2343657}