{"duration": 0.023968219757080078, "input_args": {"term": "'sikat'"}, "time": 1767866506.6278036}