{"duration": 1.1898229122161865, "input_args": {"term": "'menkeusmg'"}, "time": 1767866520.860487}