{"duration": 0.02616715431213379, "input_args": {"term": "'sayidina'"}, "time": 1767866621.1694238}