{"duration": 0.022443532943725586, "input_args": {"term": "'kantong'"}, "time": 1767866575.7437146}