{"duration": 0.02147054672241211, "input_args": {"term": "'gerah'"}, "time": 1767866533.7308831}