{"duration": 0.02323174476623535, "input_args": {"term": "'inspeksi'"}, "time": 1767866536.5777981}