{"duration": 0.023416757583618164, "input_args": {"term": "'gentar'"}, "time": 1767866508.1728413}