{"duration": 0.011745691299438477, "input_args": {"term": "'kamar'"}, "time": 1767866502.7344987}