{"duration": 0.029695749282836914, "input_args": {"term": "'gantinya'"}, "time": 1767866528.1264625}