{"duration": 0.03060746192932129, "input_args": {"term": "'terjun'"}, "time": 1767866516.3849638}