{"duration": 0.03294229507446289, "input_args": {"term": "'lingkaran'"}, "time": 1767866535.3410194}