{"duration": 0.015905380249023438, "input_args": {"term": "'ojok'"}, "time": 1767866566.6991584}