{"duration": 0.06358027458190918, "input_args": {"term": "'silahkan'"}, "time": 1767866615.446691}