{"duration": 0.0359954833984375, "input_args": {"term": "'pimpinan'"}, "time": 1767866512.2699134}