{"duration": 0.026158809661865234, "input_args": {"term": "'surat'"}, "time": 1767866539.1740406}