{"duration": 0.10830831527709961, "input_args": {"term": "'terbesar'"}, "time": 1767866515.7735064}