{"duration": 1.3177425861358643, "input_args": {"term": "'srimah'"}, "time": 1767866577.925571}