{"duration": 0.034605979919433594, "input_args": {"term": "'persiapkan'"}, "time": 1767866501.3023565}