{"duration": 0.058348655700683594, "input_args": {"term": "'teorinya'"}, "time": 1767866526.5096684}