{"duration": 0.03157830238342285, "input_args": {"term": "'tingi'"}, "time": 1767866602.8179002}