{"duration": 0.6503114700317383, "input_args": {"term": "'dimiliki'"}, "time": 1767866512.342918}