{"duration": 0.024497270584106445, "input_args": {"term": "'depanya'"}, "time": 1767866623.2943962}