{"duration": 0.02058553695678711, "input_args": {"term": "'segera'"}, "time": 1767866618.7749007}