{"duration": 0.05589151382446289, "input_args": {"term": "'krj'"}, "time": 1767866629.2910867}