{"duration": 0.05617499351501465, "input_args": {"term": "'be'"}, "time": 1767866595.2168143}