{"duration": 0.013173341751098633, "input_args": {"term": "'uang'"}, "time": 1767866580.9162657}