{"duration": 0.0036733150482177734, "input_args": {"term": "'akal'"}, "time": 1767866501.976617}