{"duration": 0.03297734260559082, "input_args": {"term": "'gin'"}, "time": 1767866557.9558384}