{"duration": 0.054369211196899414, "input_args": {"term": "'kwa'"}, "time": 1767866509.759552}