{"duration": 0.04227733612060547, "input_args": {"term": "'karya'"}, "time": 1767866519.1424043}