{"duration": 0.2998790740966797, "input_args": {"term": "'pertahanan'"}, "time": 1767866585.9883487}