{"duration": 0.6455752849578857, "input_args": {"term": "'berpotensi'"}, "time": 1767866528.7076147}