{"duration": 0.015432119369506836, "input_args": {"term": "'cari'"}, "time": 1767866572.9301627}