{"duration": 1.2216949462890625, "input_args": {"term": "'binyentil'"}, "time": 1767866629.1313386}