{"duration": 0.12601590156555176, "input_args": {"term": "'mencoba'"}, "time": 1767866620.7721374}