{"duration": 0.019685983657836914, "input_args": {"term": "'kamera'"}, "time": 1767866512.6471655}