{"duration": 0.05762052536010742, "input_args": {"term": "'teu'"}, "time": 1767866519.08753}