{"duration": 0.6163051128387451, "input_args": {"term": "'pendidikanya'"}, "time": 1767866587.912708}