{"duration": 0.19234442710876465, "input_args": {"term": "'mensejahterakan'"}, "time": 1767866551.7266102}