{"duration": 2.356424570083618, "input_args": {"term": "'jgan'"}, "time": 1767866510.6996193}