{"duration": 1.2925407886505127, "input_args": {"term": "'himbara'"}, "time": 1767866521.6362634}