{"duration": 0.01831340789794922, "input_args": {"term": "'asal'"}, "time": 1767866616.1219714}