{"duration": 1.3093745708465576, "input_args": {"term": "'pajakga'"}, "time": 1767866525.44477}