{"duration": 0.025605440139770508, "input_args": {"term": "'auto'"}, "time": 1767866558.2327974}