{"duration": 0.0473933219909668, "input_args": {"term": "'egonya'"}, "time": 1767866622.4057326}