{"duration": 2.673614740371704, "input_args": {"term": "'trilyunan'"}, "time": 1767866596.2661202}