{"duration": 0.07375574111938477, "input_args": {"term": "'keracunan'"}, "time": 1767866538.7510326}