{"duration": 0.021623611450195312, "input_args": {"term": "'man'"}, "time": 1767866573.4662743}