{"duration": 0.18273377418518066, "input_args": {"term": "'menurutku'"}, "time": 1767866534.7557366}