{"duration": 2.0948636531829834, "input_args": {"term": "'nkri'"}, "time": 1767866623.3300402}