{"duration": 1.525442123413086, "input_args": {"term": "'kretek'"}, "time": 1767866572.2987032}