{"duration": 1.4355294704437256, "input_args": {"term": "'trust'"}, "time": 1767866551.205858}