{"duration": 0.023952484130859375, "input_args": {"term": "'hadap'"}, "time": 1767866607.9122233}