{"duration": 1.0743513107299805, "input_args": {"term": "'aniesirmul'"}, "time": 1767866607.2482111}