{"duration": 0.023522138595581055, "input_args": {"term": "'segi'"}, "time": 1767866504.912712}