{"duration": 0.34086036682128906, "input_args": {"term": "'mangarasi'"}, "time": 1767866500.8118014}