{"duration": 0.20472025871276855, "input_args": {"term": "'mengelegar'"}, "time": 1767866600.6776752}