{"duration": 1.056433916091919, "input_args": {"term": "'hidupnye'"}, "time": 1767866528.2251446}