{"duration": 0.009732961654663086, "input_args": {"term": "'kec'"}, "time": 1767866501.4499674}