{"duration": 0.03703427314758301, "input_args": {"term": "'dibubarkan'"}, "time": 1767866589.8083096}