{"duration": 0.02616286277770996, "input_args": {"term": "'pribadi'"}, "time": 1767866592.4625065}