{"duration": 0.7598018646240234, "input_args": {"term": "'terkhr'"}, "time": 1767866566.8328755}