{"duration": 1.204500675201416, "input_args": {"term": "'vice'"}, "time": 1767866613.0087006}