{"duration": 0.003859996795654297, "input_args": {"term": "'pakai'"}, "time": 1767866501.1407955}