{"duration": 0.024573564529418945, "input_args": {"term": "'cekek'"}, "time": 1767866568.7568624}