{"duration": 0.048853397369384766, "input_args": {"term": "'kekuasan'"}, "time": 1767866616.5423698}