{"duration": 0.06806159019470215, "input_args": {"term": "'selama'"}, "time": 1767866504.210197}