{"duration": 0.03167390823364258, "input_args": {"term": "'komplotan'"}, "time": 1767866562.365105}