{"duration": 0.047859907150268555, "input_args": {"term": "'pernahlah'"}, "time": 1767866604.2921827}