{"duration": 0.26378846168518066, "input_args": {"term": "'makmurjangan'"}, "time": 1767866501.0174758}