{"duration": 0.05325889587402344, "input_args": {"term": "'ru'"}, "time": 1767866533.1103153}