{"duration": 1.2513883113861084, "input_args": {"term": "'hoax'"}, "time": 1767866603.7796533}