{"duration": 0.1151895523071289, "input_args": {"term": "'meriding'"}, "time": 1767866609.783474}