{"duration": 0.28852176666259766, "input_args": {"term": "'pemenangnya'"}, "time": 1767866543.8862524}