{"duration": 0.04494190216064453, "input_args": {"term": "'kemarin'"}, "time": 1767866567.8838875}