{"duration": 0.056691884994506836, "input_args": {"term": "'blg'"}, "time": 1767866615.0309029}