{"duration": 0.016245365142822266, "input_args": {"term": "'angka'"}, "time": 1767866617.7989442}