{"duration": 1.2045388221740723, "input_args": {"term": "'arsh'"}, "time": 1767866625.391285}