{"duration": 0.01670694351196289, "input_args": {"term": "'fauna'"}, "time": 1767866519.563297}