{"duration": 2.3176472187042236, "input_args": {"term": "'pajakjangan'"}, "time": 1767866607.0147822}