{"duration": 1.1209328174591064, "input_args": {"term": "'intrick'"}, "time": 1767866565.9446666}