{"duration": 0.1930067539215088, "input_args": {"term": "'memikirkan'"}, "time": 1767866504.5024257}