{"duration": 2.439319372177124, "input_args": {"term": "'ujungujungnya'"}, "time": 1767866565.3807814}