{"duration": 0.921381950378418, "input_args": {"term": "'ngangur'"}, "time": 1767866535.4580827}