{"duration": 2.451392889022827, "input_args": {"term": "'syekali'"}, "time": 1767866611.368913}