{"duration": 0.03670692443847656, "input_args": {"term": "'porsinya'"}, "time": 1767866547.355908}