{"duration": 0.003264904022216797, "input_args": {"term": "'subur'"}, "time": 1767866500.535918}