{"duration": 1.1375696659088135, "input_args": {"term": "'importlanjut'"}, "time": 1767866582.6027303}