{"duration": 0.9793822765350342, "input_args": {"term": "'numpang'"}, "time": 1767866534.907731}