{"duration": 1.1862890720367432, "input_args": {"term": "'menulis'"}, "time": 1767866571.4416814}