{"duration": 0.019256591796875, "input_args": {"term": "'gim'"}, "time": 1767866613.522437}