{"duration": 0.06218266487121582, "input_args": {"term": "'fdi'"}, "time": 1767866563.931874}