{"duration": 1.2033004760742188, "input_args": {"term": "'sudahlahsemoga'"}, "time": 1767866521.8862948}