{"duration": 0.022216320037841797, "input_args": {"term": "'solo'"}, "time": 1767866583.5314426}