{"duration": 1.397491455078125, "input_args": {"term": "'feling'"}, "time": 1767866579.8065653}