{"duration": 0.11692047119140625, "input_args": {"term": "'whos'"}, "time": 1767866502.6218479}