{"duration": 1.107790470123291, "input_args": {"term": "'sumringah'"}, "time": 1767866544.5106363}