{"duration": 2.6462581157684326, "input_args": {"term": "'pakjangan'"}, "time": 1767866570.2075973}