{"duration": 1.3080358505249023, "input_args": {"term": "'tindkljt'"}, "time": 1767866516.2422009}