{"duration": 0.003969430923461914, "input_args": {"term": "'terbang'"}, "time": 1767866501.8993142}