{"duration": 0.7796635627746582, "input_args": {"term": "'diakalin'"}, "time": 1767866504.1924124}