{"duration": 0.08767914772033691, "input_args": {"term": "'bekerja'"}, "time": 1767866572.4514024}