{"duration": 0.03661036491394043, "input_args": {"term": "'uangnya'"}, "time": 1767866580.4333584}