{"duration": 0.008674383163452148, "input_args": {"term": "'hbs'"}, "time": 1767866500.497468}