{"duration": 0.02965402603149414, "input_args": {"term": "'dihapuskan'"}, "time": 1767866596.9285555}