{"duration": 0.036751747131347656, "input_args": {"term": "'pura'"}, "time": 1767866574.8720384}