{"duration": 0.9252762794494629, "input_args": {"term": "'sihbikin'"}, "time": 1767866546.2177396}