{"duration": 1.0513510704040527, "input_args": {"term": "'sumbet'"}, "time": 1767866553.9401524}