{"duration": 0.014670610427856445, "input_args": {"term": "'masjid'"}, "time": 1767866618.2161894}