{"duration": 1.4572739601135254, "input_args": {"term": "'kalsel'"}, "time": 1767866586.750431}