{"duration": 1.0126023292541504, "input_args": {"term": "'ricek'"}, "time": 1767866626.351832}