{"duration": 0.010236501693725586, "input_args": {"term": "'bank'"}, "time": 1767866553.977341}