{"duration": 0.02093219757080078, "input_args": {"term": "'sih'"}, "time": 1767866566.2846422}