{"duration": 2.5818662643432617, "input_args": {"term": "'sarkasnya'"}, "time": 1767866527.319908}