{"duration": 1.1930184364318848, "input_args": {"term": "'suportaja'"}, "time": 1767866529.8085623}