{"duration": 2.6985809803009033, "input_args": {"term": "'orangkamu'"}, "time": 1767866572.8567896}