{"duration": 0.03515005111694336, "input_args": {"term": "'provokatif'"}, "time": 1767866586.5420036}