{"duration": 0.03578543663024902, "input_args": {"term": "'kerugian'"}, "time": 1767866562.5073757}