{"duration": 0.04466128349304199, "input_args": {"term": "'ind'"}, "time": 1767866505.8423529}