{"duration": 0.04450082778930664, "input_args": {"term": "'neh'"}, "time": 1767866534.1131244}