{"duration": 0.019797563552856445, "input_args": {"term": "'piutang'"}, "time": 1767866540.1788158}