{"duration": 0.020856618881225586, "input_args": {"term": "'jatuh'"}, "time": 1767866520.588057}