{"duration": 0.005190134048461914, "input_args": {"term": "'batuan'"}, "time": 1767866502.5770128}