{"duration": 0.31450986862182617, "input_args": {"term": "'perbarukan'"}, "time": 1767866510.7368486}