{"duration": 0.02373814582824707, "input_args": {"term": "'kalangan'"}, "time": 1767866599.7376182}