{"duration": 0.02617931365966797, "input_args": {"term": "'inisial'"}, "time": 1767866540.3043904}