{"duration": 0.028056621551513672, "input_args": {"term": "'saham'"}, "time": 1767866570.6401432}