{"duration": 0.031432390213012695, "input_args": {"term": "'dibalang'"}, "time": 1767866566.0775256}