{"duration": 1.519026279449463, "input_args": {"term": "'pilpres'"}, "time": 1767866574.9374874}