{"duration": 1.2698462009429932, "input_args": {"term": "'naikin'"}, "time": 1767866510.1012695}