{"duration": 0.05793261528015137, "input_args": {"term": "'tetaplah'"}, "time": 1767866587.6975927}