{"duration": 0.052716970443725586, "input_args": {"term": "'kejahatan'"}, "time": 1767866548.7424793}