{"duration": 1.4919097423553467, "input_args": {"term": "'geden'"}, "time": 1767866628.5153494}