{"duration": 0.024294376373291016, "input_args": {"term": "'lanjut'"}, "time": 1767866568.033948}