{"duration": 0.6842479705810547, "input_args": {"term": "'disimpan'"}, "time": 1767866597.0846958}