{"duration": 0.9813656806945801, "input_args": {"term": "'nugarelo'"}, "time": 1767866630.049273}