{"duration": 0.03609943389892578, "input_args": {"term": "'penuh'"}, "time": 1767866508.0909374}