{"duration": 0.04370284080505371, "input_args": {"term": "'insyalah'"}, "time": 1767866582.716271}