{"duration": 0.004767894744873047, "input_args": {"term": "'keselamatan'"}, "time": 1767866501.3481798}