{"duration": 0.642956018447876, "input_args": {"term": "'didatangi'"}, "time": 1767866561.9561937}