{"duration": 0.07321310043334961, "input_args": {"term": "'web'"}, "time": 1767866508.2928731}