{"duration": 0.03157377243041992, "input_args": {"term": "'tentara'"}, "time": 1767866571.90758}