{"duration": 1.2058851718902588, "input_args": {"term": "'anjay'"}, "time": 1767866548.1526387}