{"duration": 0.02810502052307129, "input_args": {"term": "'tau'"}, "time": 1767866543.397563}