{"duration": 0.01813197135925293, "input_args": {"term": "'otomatis'"}, "time": 1767866618.1120517}