{"duration": 1.33258056640625, "input_args": {"term": "'prabowo'"}, "time": 1767866505.2722144}