{"duration": 1.46038818359375, "input_args": {"term": "'alahsma'"}, "time": 1767866602.5866442}