{"duration": 0.3248305320739746, "input_args": {"term": "'perpanjang'"}, "time": 1767866557.5050826}