{"duration": 0.05775642395019531, "input_args": {"term": "'kehilangan'"}, "time": 1767866605.3832178}