{"duration": 0.33222103118896484, "input_args": {"term": "'rekrutmenya'"}, "time": 1767866500.7182167}