{"duration": 0.7675344944000244, "input_args": {"term": "'keadan'"}, "time": 1767866567.092308}