{"duration": 1.489255666732788, "input_args": {"term": "'mbunuh'"}, "time": 1767866604.7153616}