{"duration": 0.9232714176177979, "input_args": {"term": "'pensiunsiapa'"}, "time": 1767866563.5341425}