{"duration": 0.055052757263183594, "input_args": {"term": "'ditemukan'"}, "time": 1767866529.3526874}