{"duration": 0.03306007385253906, "input_args": {"term": "'sangat'"}, "time": 1767866575.619545}