{"duration": 0.019145965576171875, "input_args": {"term": "'angin'"}, "time": 1767866504.9848871}