{"duration": 1.189544916152954, "input_args": {"term": "'lakiyg'"}, "time": 1767866596.835128}