{"duration": 0.1206204891204834, "input_args": {"term": "'gantin'"}, "time": 1767866501.8679204}