{"duration": 0.02518296241760254, "input_args": {"term": "'topi'"}, "time": 1767866560.1505542}