{"duration": 0.01901984214782715, "input_args": {"term": "'rumit'"}, "time": 1767866553.2586293}