{"duration": 1.2458727359771729, "input_args": {"term": "'koboy'"}, "time": 1767866613.7822282}