{"duration": 1.176140546798706, "input_args": {"term": "'asbun'"}, "time": 1767866544.684867}