{"duration": 1.2954652309417725, "input_args": {"term": "'mukbang'"}, "time": 1767866606.2188365}