{"duration": 1.9079904556274414, "input_args": {"term": "'terbaikfaktanya'"}, "time": 1767866517.4531138}