{"duration": 0.005933046340942383, "input_args": {"term": "'kejujuran'"}, "time": 1767866502.3315842}