{"duration": 0.1518545150756836, "input_args": {"term": "'demonstrates'"}, "time": 1767866502.5667338}