{"duration": 0.024079084396362305, "input_args": {"term": "'paham'"}, "time": 1767866590.3161247}