{"duration": 0.9228286743164062, "input_args": {"term": "'kekayan'"}, "time": 1767866599.4916127}