{"duration": 0.029613971710205078, "input_args": {"term": "'meja'"}, "time": 1767866571.053971}