{"duration": 0.0037429332733154297, "input_args": {"term": "'siangnya'"}, "time": 1767866501.3591535}