{"duration": 0.010174989700317383, "input_args": {"term": "'kaset'"}, "time": 1767866532.6546311}