{"duration": 0.30861806869506836, "input_args": {"term": "'pemilihan'"}, "time": 1767866510.4680235}