{"duration": 1.7187156677246094, "input_args": {"term": "'senopati'"}, "time": 1767866616.0502257}