{"duration": 0.015396356582641602, "input_args": {"term": "'buta'"}, "time": 1767866589.1117468}