{"duration": 0.04815793037414551, "input_args": {"term": "'dicopot'"}, "time": 1767866612.6271217}