{"duration": 0.025495290756225586, "input_args": {"term": "'titik'"}, "time": 1767866523.7051766}