{"duration": 2.486994981765747, "input_args": {"term": "'bergunasetelah'"}, "time": 1767866539.2740636}