{"duration": 0.021302223205566406, "input_args": {"term": "'kakak'"}, "time": 1767866543.0729866}