{"duration": 1.4195311069488525, "input_args": {"term": "'ituloh'"}, "time": 1767866553.3077178}