{"duration": 0.04773569107055664, "input_args": {"term": "'diposisi'"}, "time": 1767866552.5743303}