{"duration": 0.13833951950073242, "input_args": {"term": "'tingipajak'"}, "time": 1767866501.5918314}