{"duration": 0.8866634368896484, "input_args": {"term": "'sokarno'"}, "time": 1767866554.23337}