{"duration": 0.06307840347290039, "input_args": {"term": "'seorang'"}, "time": 1767866592.3459673}