{"duration": 0.05204463005065918, "input_args": {"term": "'but'"}, "time": 1767866543.6836026}