{"duration": 0.05686807632446289, "input_args": {"term": "'perasan'"}, "time": 1767866538.5718048}