{"duration": 1.3025896549224854, "input_args": {"term": "'hyper'"}, "time": 1767866537.400373}