{"duration": 0.03203630447387695, "input_args": {"term": "'tambah'"}, "time": 1767866510.068642}