{"duration": 2.5535035133361816, "input_args": {"term": "'masakanya'"}, "time": 1767866599.4806054}