{"duration": 1.5055983066558838, "input_args": {"term": "'backup'"}, "time": 1767866576.782829}