{"duration": 0.15970849990844727, "input_args": {"term": "'merasa'"}, "time": 1767866598.0695634}