{"duration": 0.9403619766235352, "input_args": {"term": "'bgmn'"}, "time": 1767866563.2480874}