{"duration": 2.1858396530151367, "input_args": {"term": "'ngerti'"}, "time": 1767866561.735408}