{"duration": 0.004250288009643555, "input_args": {"term": "'ucap'"}, "time": 1767866502.271929}