{"duration": 1.3889617919921875, "input_args": {"term": "'bravo'"}, "time": 1767866592.055733}