{"duration": 0.026880979537963867, "input_args": {"term": "'cukai'"}, "time": 1767866626.8382497}