{"duration": 1.270416498184204, "input_args": {"term": "'saha'"}, "time": 1767866505.0473773}