{"duration": 0.1367335319519043, "input_args": {"term": "'mengiring'"}, "time": 1767866562.416046}