{"duration": 1.2304186820983887, "input_args": {"term": "'nongktong'"}, "time": 1767866588.48319}