{"duration": 0.003063678741455078, "input_args": {"term": "'pihak'"}, "time": 1767866502.3869023}