{"duration": 1.3263928890228271, "input_args": {"term": "'pkpur'"}, "time": 1767866505.3633316}