{"duration": 0.9247574806213379, "input_args": {"term": "'checks'"}, "time": 1767866512.6978824}