{"duration": 0.9229292869567871, "input_args": {"term": "'dikonro'"}, "time": 1767866525.6183064}