{"duration": 1.3976030349731445, "input_args": {"term": "'china'"}, "time": 1767866574.7075222}