{"duration": 0.03299450874328613, "input_args": {"term": "'hajar'"}, "time": 1767866526.0820007}