{"duration": 0.03980231285095215, "input_args": {"term": "'kelaman'"}, "time": 1767866614.6071396}