{"duration": 1.3029072284698486, "input_args": {"term": "'impact'"}, "time": 1767866568.0277753}