{"duration": 0.03198432922363281, "input_args": {"term": "'manuk'"}, "time": 1767866514.6177466}