{"duration": 0.23071026802062988, "input_args": {"term": "'perampok'"}, "time": 1767866567.0484009}