{"duration": 0.0018110275268554688, "input_args": {"term": "'infrastruktur'"}, "time": 1767866502.2784164}