{"duration": 1.009317398071289, "input_args": {"term": "'blio'"}, "time": 1767866589.6789148}