{"duration": 0.7786955833435059, "input_args": {"term": "'seat'"}, "time": 1767866588.6445165}