{"duration": 0.05895709991455078, "input_args": {"term": "'ribuan'"}, "time": 1767866581.7704678}