{"duration": 0.04911017417907715, "input_args": {"term": "'obrolan'"}, "time": 1767866597.7588098}