{"duration": 0.030895709991455078, "input_args": {"term": "'sogok'"}, "time": 1767866552.8087177}