{"duration": 1.0829346179962158, "input_args": {"term": "'prekonomia'"}, "time": 1767866560.8573735}