{"duration": 1.4487063884735107, "input_args": {"term": "'sakitu'"}, "time": 1767866604.707509}