{"duration": 0.12052679061889648, "input_args": {"term": "'melukis'"}, "time": 1767866621.0628648}