{"duration": 1.4337589740753174, "input_args": {"term": "'gaskeun'"}, "time": 1767866564.9085724}