{"duration": 0.13779902458190918, "input_args": {"term": "'terdahulu'"}, "time": 1767866557.1415918}