{"duration": 0.007985353469848633, "input_args": {"term": "'soalnya'"}, "time": 1767866500.275402}