{"duration": 0.04247283935546875, "input_args": {"term": "'tajam'"}, "time": 1767866587.9841204}