{"duration": 0.0339961051940918, "input_args": {"term": "'berisik'"}, "time": 1767866510.6796968}