{"duration": 0.03396797180175781, "input_args": {"term": "'dibebankan'"}, "time": 1767866561.7519288}