{"duration": 0.057947635650634766, "input_args": {"term": "'pokoknya'"}, "time": 1767866619.5862353}