{"duration": 0.004347562789916992, "input_args": {"term": "'harga'"}, "time": 1767866502.0020046}