{"duration": 1.2121100425720215, "input_args": {"term": "'walafiah'"}, "time": 1767866532.2562857}