{"duration": 0.03662872314453125, "input_args": {"term": "'dibuang'"}, "time": 1767866625.0319648}