{"duration": 2.5952444076538086, "input_args": {"term": "'instropeksi'"}, "time": 1767866524.0657716}