{"duration": 0.03150177001953125, "input_args": {"term": "'diapresiasi'"}, "time": 1767866579.6954103}