{"duration": 1.1813437938690186, "input_args": {"term": "'angur'"}, "time": 1767866618.234033}