{"duration": 0.016573190689086914, "input_args": {"term": "'menutup'"}, "time": 1767866501.8167944}