{"duration": 0.019429445266723633, "input_args": {"term": "'mohon'"}, "time": 1767866619.19328}