{"duration": 0.007912874221801758, "input_args": {"term": "'setor'"}, "time": 1767866500.2608304}