{"duration": 0.028908252716064453, "input_args": {"term": "'kelak'"}, "time": 1767866577.9734554}