{"duration": 0.05446887016296387, "input_args": {"term": "'jasanya'"}, "time": 1767866579.0582387}