{"duration": 0.021172046661376953, "input_args": {"term": "'biaya'"}, "time": 1767866624.5650837}