{"duration": 0.012542486190795898, "input_args": {"term": "'acak'"}, "time": 1767866553.6604817}