{"duration": 1.3871145248413086, "input_args": {"term": "'laporam'"}, "time": 1767866527.3134713}