{"duration": 0.1620035171508789, "input_args": {"term": "'mengerti'"}, "time": 1767866505.4566526}