{"duration": 1.0643796920776367, "input_args": {"term": "'bugdet'"}, "time": 1767866623.4985805}