{"duration": 0.049695491790771484, "input_args": {"term": "'la'"}, "time": 1767866547.6162517}