{"duration": 1.266603708267212, "input_args": {"term": "'champion'"}, "time": 1767866518.302968}