{"duration": 0.045278072357177734, "input_args": {"term": "'cadangan'"}, "time": 1767866609.9598293}