{"duration": 1.1741297245025635, "input_args": {"term": "'creative'"}, "time": 1767866559.4541974}