{"duration": 1.201185941696167, "input_args": {"term": "'cakapjeng'"}, "time": 1767866520.8186102}