{"duration": 0.8073632717132568, "input_args": {"term": "'dipotongdihapus'"}, "time": 1767866559.6451068}