{"duration": 1.3080811500549316, "input_args": {"term": "'ngotot'"}, "time": 1767866591.292865}