{"duration": 0.02071547508239746, "input_args": {"term": "'sasa'"}, "time": 1767866565.089241}