{"duration": 1.3038363456726074, "input_args": {"term": "'ihsg'"}, "time": 1767866526.9242237}