{"duration": 0.05484747886657715, "input_args": {"term": "'sejenak'"}, "time": 1767866598.9682887}