{"duration": 0.02675175666809082, "input_args": {"term": "'tenteng'"}, "time": 1767866536.7740667}