{"duration": 0.03172779083251953, "input_args": {"term": "'jabar'"}, "time": 1767866603.565651}