{"duration": 2.3274617195129395, "input_args": {"term": "'citampi'"}, "time": 1767866589.7606528}