{"duration": 0.04187726974487305, "input_args": {"term": "'blm'"}, "time": 1767866573.1260815}