{"duration": 0.021355867385864258, "input_args": {"term": "'bahasa'"}, "time": 1767866510.8357728}