{"duration": 0.13137006759643555, "input_args": {"term": "'terancam'"}, "time": 1767866578.1688437}