{"duration": 2.7740795612335205, "input_args": {"term": "'dibeacukai'"}, "time": 1767866524.4519649}