{"duration": 1.2333228588104248, "input_args": {"term": "'lage'"}, "time": 1767866617.7007706}