{"duration": 2.3189752101898193, "input_args": {"term": "'kakehan'"}, "time": 1767866521.121794}