{"duration": 0.024420499801635742, "input_args": {"term": "'tok'"}, "time": 1767866617.5587785}