{"duration": 0.03265714645385742, "input_args": {"term": "'disini'"}, "time": 1767866556.0058112}