{"duration": 0.004656076431274414, "input_args": {"term": "'euy'"}, "time": 1767866501.6738238}