{"duration": 0.7544939517974854, "input_args": {"term": "'perta'"}, "time": 1767866562.318934}