{"duration": 1.3020102977752686, "input_args": {"term": "'cpns'"}, "time": 1767866592.2027977}