{"duration": 0.06539630889892578, "input_args": {"term": "'selanjutnya'"}, "time": 1767866543.7244768}