{"duration": 1.1941397190093994, "input_args": {"term": "'import'"}, "time": 1767866547.0709343}