{"duration": 0.020864248275756836, "input_args": {"term": "'teori'"}, "time": 1767866534.5219498}