{"duration": 1.2304675579071045, "input_args": {"term": "'york'"}, "time": 1767866593.278934}