{"duration": 0.020284175872802734, "input_args": {"term": "'longsor'"}, "time": 1767866562.5718517}