{"duration": 0.03145623207092285, "input_args": {"term": "'bandingi'"}, "time": 1767866569.1943898}