{"duration": 0.034333229064941406, "input_args": {"term": "'harusnya'"}, "time": 1767866504.2950373}