{"duration": 0.024105548858642578, "input_args": {"term": "'sini'"}, "time": 1767866607.2548492}