{"duration": 1.1230266094207764, "input_args": {"term": "'lebay'"}, "time": 1767866619.983134}