{"duration": 1.1767237186431885, "input_args": {"term": "'ngadepin'"}, "time": 1767866556.830809}