{"duration": 0.2388172149658203, "input_args": {"term": "'menghapus'"}, "time": 1767866551.0201445}