{"duration": 0.014374971389770508, "input_args": {"term": "'daya'"}, "time": 1767866506.3002126}