{"duration": 1.1366539001464844, "input_args": {"term": "'bliomberg'"}, "time": 1767866507.5443425}