{"duration": 0.014724493026733398, "input_args": {"term": "'maju'"}, "time": 1767866534.296451}