{"duration": 0.02533698081970215, "input_args": {"term": "'alokasikan'"}, "time": 1767866554.7302828}